image,type,color,gender,pattern1,pattern2,components1,components2,components3
03001.jpg,Baby Onesie,Pink,Unisex,Animal,NA,Sleeve,Button,NA
03002.jpg,Baby Onesie,White,Unisex,Animal,NA,Sleeve,Button,NA
03003.jpg,Baby Onesie,White,Unisex,Cartoon,Animal,Sleeve,Button,Collar
03004.jpg,Baby Onesie,Pink,Female,Animal,NA,Sleeve,Button,Collar
03005.jpg,Baby Onesie,White,Unisex,Animal,NA,Sleeve,Button,NA
03006.jpg,Baby Onesie,Yellow,Unisex,Animal,Pure color,Sleeve,Drawstring,NA
03007.jpg,Baby Onesie,Pink,Female,Floral,Pure color,Sleeve,Button,Collar
03008.jpg,Baby Onesie,White,Unisex,Cartoon,Pure color,Sleeve,Button,NA
03009.jpg,Baby Onesie,Blue,Male,Animal,NA,Sleeve,Button,NA
03010.jpg,Baby Onesie,Yellow,Male,Cartoon,Pure color,Sleeve,Button,Hood
03011.jpg,Baby Onesie,White,Unisex,Animal,Cartoon,Sleeve,Button,Collar
03012.jpg,Baby Onesie,Blue,Male,Animal,NA,Sleeve,Button,NA
03013.jpg,Baby Onesie,Pink,Female,Animal,Stripes,Button,NA,Collar
03014.jpg,Baby Onesie,White,Female,Stripes,Alphabet,Button,NA,NA
03015.jpg,Baby Onesie,White,Male,Geometric,NA,Sleeve,Button,Bow
03016.jpg,Baby Onesie,Pink,Female,Animal,NA,Sleeve,Button,Collar
03017.jpg,Baby Onesie,Pink,Female,Cartoon,Animal,Sleeve,Zipper,Hood
03018.jpg,Baby Onesie,White,Male,Animal,NA,Sleeve,Button,NA
03019.jpg,Baby Onesie,Pink,Unisex,Animal,Cartoon,Button,Pocket,NA
03020.jpg,Baby Onesie,White,Unisex,Animal,Cartoon,Sleeve,Button,NA
03021.jpg,Baby Onesie,White,Unisex,Animal,Cartoon,Sleeve,Button,NA
03022.jpg,Baby Onesie,White,Unisex,Geometric,NA,Sleeve,Button,Bow
03023.jpg,Baby Onesie,Yellow,Unisex,Animal,Cartoon,Sleeve,Zipper,Hood
03024.jpg,Baby Onesie,White,Unisex,Animal,Cartoon,Button,NA,NA
03025.jpg,Baby Onesie,White,Unisex,Animal,Cartoon,Sleeve,Button,NA
03026.jpg,Baby Onesie,Beige,Unisex,Animal,Cartoon,Sleeve,Button,NA
03027.jpg,Baby Onesie,White,Unisex,Cartoon,NA,Sleeve,Drawstring,NA
03028.jpg,Baby Onesie,White,Male,Animal,Cartoon,Sleeve,Button,Collar
03029.jpg,Baby Onesie,White,Unisex,Animal,Cartoon,Sleeve,Button,NA
03030.jpg,Baby Onesie,Yellow,Unisex,Pure color,NA,Sleeve,Button,NA
03031.jpg,Baby Onesie,Beige,Unisex,Pure color,NA,Sleeve,Button,NA
03032.jpg,Baby Onesie,Beige,Male,Animal,NA,Sleeve,Button,NA
03033.jpg,Baby Onesie,Purple,Unisex,Animal,NA,Sleeve,Button,NA
03034.jpg,Baby Onesie,White,Male,Animal,NA,Sleeve,Drawstring,NA
03035.jpg,Baby Onesie,Blue,Male,Pure color,Animal,Sleeve,Button,NA
03036.jpg,Baby Onesie,Blue,Male,Pure color,Cartoon,Sleeve,Button,NA
03037.jpg,Baby Onesie,Blue,Male,Pure color,Geometric,Sleeve,Button,NA
03038.jpg,Baby Onesie,Grey,Male,Animal,NA,Sleeve,Button,NA
03039.jpg,Baby Onesie,White,Unisex,Pure color,Animal,Sleeve,Button,NA
03040.jpg,Baby Onesie,White,Unisex,Pure color,Animal,Sleeve,Button,NA
03041.jpg,Baby Onesie,White,Unisex,Cartoon,Alphabet,Sleeve,Button,NA
03042.jpg,Baby Onesie,White,Female,Fruit,Cartoon,Sleeve,Button,NA
03043.jpg,Baby Onesie,White,Male,Cartoon,Alphabet,Sleeve,Button,NA
03044.jpg,Baby Onesie,White,Male,Pure color,Embroidery,Sleeve,Button,NA
03045.jpg,Baby Onesie,Blue,Male,Animal,Cartoon,Sleeve,Button,NA
03046.jpg,Baby Onesie,Yellow,Male,Pure color,Cartoon,Sleeve,Button,NA
03047.jpg,Baby Onesie,Beige,Unisex,Animal,Cartoon,Sleeve,Button,NA
03048.jpg,Baby Onesie,White,Male,Animal,Stripes,Sleeve,Button,NA
03049.jpg,Baby Onesie,Pink,Female,Stripes,Cartoon,Sleeve,Button,NA
03050.jpg,Baby Onesie,Yellow,Unisex,Animal,Pure color,Sleeve,Button,NA
03051.jpg,Coat,Blue,Male,Pure color,NA,Sleeve,Zipper,Pocket
03052.jpg,Coat,Black,Male,Pure color,Alphabet,Sleeve,Zipper,Hood
03053.jpg,Coat,Green,Female,Pure color,NA,Sleeve,Pocket,Collar
03054.jpg,Coat,Brown,Female,Pure color,NA,Sleeve,Button,Collar
03055.jpg,Coat,Brown,Female,Pure color,NA,Sleeve,Collar,NA
03056.jpg,Coat,Black,Female,Pure color,NA,Sleeve,Collar,NA
03057.jpg,Coat,Brown,Male,Pure color,Geometric,Sleeve,Collar,Pocket
03058.jpg,Coat,Beige,Female,Pure color,NA,Sleeve,Zipper,Pocket
03059.jpg,Coat,Black,Male,Pure color,NA,Sleeve,Button,Pocket
03060.jpg,Coat,Blue,Male,Pure color,Cartoon,Sleeve,Button,Pocket
03061.jpg,Coat,Black,Male,Pure color,NA,Sleeve,Zipper,Hood
03062.jpg,Coat,Brown,Male,Pure color,NA,Sleeve,Button,Collar
03063.jpg,Coat,Grey,Male,Pure color,NA,Sleeve,Button,Pocket
03064.jpg,Coat,Grey,Male,Pure color,NA,Sleeve,Button,Pocket
03065.jpg,Coat,Grey,Male,Pure color,NA,Sleeve,Button,Collar
03066.jpg,Coat,Yellow,Female,Pure color,NA,Sleeve,Button,Pocket
03067.jpg,Coat,Brown,Female,Pure color,NA,Sleeve,Zipper,Belt
03068.jpg,Coat,Pink,Female,Pure color,NA,Sleeve,Button,Collar
03069.jpg,Coat,Blue,Female,Pure color,NA,Sleeve,Pocket,Collar
03070.jpg,Coat,Blue,Male,Pure color,Geometric,Sleeve,Zipper,NA
03071.jpg,Coat,Black,Male,Pure color,NA,Sleeve,Zipper,Pocket
03072.jpg,Coat,Pink,Female,Pure color,NA,Sleeve,Collar,Drawstring
03073.jpg,Coat,Red,Female,Pure color,NA,Sleeve,Collar,Drawstring
03074.jpg,Coat,Brown,Female,Pure color,NA,Sleeve,Collar,NA
03075.jpg,Coat,Brown,Female,Pure color,NA,Sleeve,Collar,Pocket
03076.jpg,Coat,Black,Female,Pure color,NA,Sleeve,Collar,NA
03077.jpg,Coat,Brown,Female,Pure color,NA,Sleeve,Button,NA
03078.jpg,Coat,Black,Female,Pure color,NA,Sleeve,Button,NA
03079.jpg,Coat,Brown,Female,Pure color,NA,Sleeve,Button,Collar
03080.jpg,Coat,Purple,Female,Pure color,NA,Sleeve,Button,Collar
03081.jpg,Coat,Blue,Female,Pure color,NA,Sleeve,Button,Collar
03082.jpg,Coat,Brown,Female,Pure color,NA,Sleeve,Collar,Belt
03083.jpg,Coat,Orange,Female,Pure color,NA,Sleeve,Collar,Belt
03084.jpg,Coat,Green,Female,Pure color,NA,Sleeve,Collar,Pocket
03085.jpg,Coat,Brown,Female,Pure color,NA,Sleeve,Collar,NA
03086.jpg,Coat,Blue,Female,Pure color,NA,Sleeve,Collar,Pocket
03087.jpg,Coat,Brown,Female,Pure color,NA,Sleeve,Collar,Pocket
03088.jpg,Coat,Pink,Female,Pure color,NA,Sleeve,Collar,NA
03089.jpg,Coat,Blue,Male,Pure color,NA,Sleeve,Button,Pocket
03090.jpg,Coat,Black,Male,Pure color,NA,Sleeve,Button,NA
03091.jpg,Coat,Black,Male,Pure color,NA,Sleeve,Button,NA
03092.jpg,Coat,Black,Male,Pure color,NA,Sleeve,Button,Pocket
03093.jpg,Coat,Black,Male,Pure color,NA,Sleeve,Button,Collar
03094.jpg,Coat,Black,Male,Pure color,NA,Sleeve,Button,Pocket
03095.jpg,Coat,Grey,Male,Pure color,NA,Sleeve,Button,Pocket
03096.jpg,Coat,Green,Female,Pure color,NA,Sleeve,Button,Pocket
03097.jpg,Coat,Black,Male,Pure color,NA,Sleeve,Zipper,NA
03098.jpg,Coat,Grey,Male,Pure color,NA,Sleeve,Zipper,NA
03099.jpg,Coat,Grey,Male,Pure color,Alphabet,Sleeve,Button,NA
03100.jpg,Coat,Beige,Female,Pure color,NA,Sleeve,Collar,NA
03101.jpg,Dress,Pink,Female,Pure color,NA,Bow,Hem,NA
03102.jpg,Dress,Green,Female,Floral,NA,Elastic,Hem,NA
03103.jpg,Dress,Grey,Female,Floral,NA,Sleeve,Elastic,Hem
03104.jpg,Dress,Black,Female,Floral,NA,Sleeve,Belt,Hem
03105.jpg,Dress,Brown,Female,Floral,NA,Sleeve,Hem,NA
03106.jpg,Dress,Blue,Female,Animal,NA,Sleeve,Belt,Hem
03107.jpg,Dress,Blue,Female,Lace,NA,Sleeve,Belt,Hem
03108.jpg,Dress,Red,Female,Pure color,NA,Bow,Hem,NA
03109.jpg,Dress,White,Female,Pure color,NA,Hem,NA,NA
03110.jpg,Dress,Beige,Female,Floral,NA,Elastic,Drawstring,Hem
03111.jpg,Dress,Beige,Female,Floral,NA,Hem,NA,NA
03112.jpg,Dress,Beige,Female,Floral,NA,Bow,Drawstring,Hem
03113.jpg,Dress,Pink,Female,Floral,NA,Sleeve,Hem,NA
03114.jpg,Dress,Green,Female,Floral,NA,Hem,NA,NA
03115.jpg,Dress,White,Female,Floral,NA,Bow,NA,NA
03116.jpg,Dress,White,Female,Floral,NA,Hem,NA,NA
03117.jpg,Dress,Blue,Female,Floral,NA,Elastic,Hem,NA
03118.jpg,Dress,Beige,Female,Floral,NA,Sleeve,Hem,NA
03119.jpg,Dress,Pink,Female,Floral,NA,Hem,NA,NA
03120.jpg,Dress,Blue,Female,Floral,NA,Hem,NA,NA
03121.jpg,Dress,Black,Female,Pure color,NA,Sleeve,Hem,NA
03122.jpg,Dress,Black,Female,Pure color,NA,Sleeve,Hem,NA
03123.jpg,Dress,Black,Female,Pure color,NA,Sleeve,Hem,NA
03124.jpg,Dress,Grey,Female,Plaid,NA,Sleeve,Hem,NA
03125.jpg,Dress,Black,Female,Pure color,NA,Sleeve,Hem,NA
03126.jpg,Dress,Black,Female,Pure color,NA,Sleeve,Drawstring,Pleat
03127.jpg,Dress,Black,Female,Pure color,NA,Belt,Pleat,NA
03128.jpg,Dress,Pink,Female,Pure color,NA,Sleeve,Pleat,Collar
03129.jpg,Dress,Purple,Female,Pure color,NA,Sleeve,Elastic,Collar
03130.jpg,Dress,Beige,Female,Pure color,NA,Sleeve,Collar,Belt
03131.jpg,Dress,Pink,Female,Pure color,NA,Sleeve,Pleat,NA
03132.jpg,Dress,Blue,Female,Pure color,NA,Sleeve,NA,NA
03133.jpg,Dress,Pink,Female,Pure color,NA,Sleeve,Bow,Belt
03134.jpg,Dress,Blue,Female,Pure color,NA,Sleeve,Pleat,Belt
03135.jpg,Dress,Green,Female,Pure color,NA,Pleat,Hem,NA
03136.jpg,Dress,Blue,Female,Animal,NA,Belt,Hem,NA
03137.jpg,Dress,Blue,Female,Polka dots,Pure color,Bow,Hem,NA
03138.jpg,Dress,Black,Female,Floral,NA,Elastic,Hem,NA
03139.jpg,Dress,Blue,Female,Pure color,Stripes,Hem,NA,NA
03140.jpg,Dress,Pink,Female,Pure color,NA,Pleat,Hem,NA
03141.jpg,Dress,White,Female,Pure color,NA,Bow,NA,NA
03142.jpg,Dress,White,Female,Pure color,NA,Hem,NA,NA
03143.jpg,Dress,Pink,Female,Pure color,NA,Hem,Button,NA
03144.jpg,Dress,White,Female,Pure color,NA,Hem,Button,NA
03145.jpg,Dress,Red,Female,Pure color,NA,Elastic,Hem,NA
03146.jpg,Dress,Pink,Female,Pure color,NA,Hem,Button,NA
03147.jpg,Dress,Pink,Female,Pure color,NA,Hem,NA,NA
03148.jpg,Dress,Pink,Female,Pure color,NA,Hem,NA,NA
03149.jpg,Dress,Pink,Female,Pure color,NA,Hem,NA,NA
03150.jpg,Dress,Pink,Female,Pure color,NA,Hem,NA,NA
03151.jpg,Dungarees,Pink,Female,Pure color,NA,Pocket,Button,NA
03152.jpg,Dungarees,Blue,Unisex,Pure color,NA,Pocket,Button,NA
03153.jpg,Dungarees,Blue,Unisex,Pure color,NA,Pocket,Button,NA
03154.jpg,Dungarees,Blue,Female,Pure color,NA,Pocket,Button,NA
03155.jpg,Dungarees,Blue,Female,Pure color,NA,Pocket,Button,NA
03156.jpg,Dungarees,Blue,Unisex,Pure color,NA,Pocket,Button,NA
03157.jpg,Dungarees,Blue,Female,Pure color,NA,Pocket,Button,NA
03158.jpg,Dungarees,Blue,Female,Pure color,NA,Pocket,Button,NA
03159.jpg,Dungarees,Blue,Unisex,Pure color,NA,Pocket,Button,NA
03160.jpg,Dungarees,Blue,Female,Pure color,NA,Pocket,Button,NA
03161.jpg,Dungarees,Blue,Unisex,Pure color,NA,Pocket,Button,NA
03162.jpg,Dungarees,Blue,Unisex,Pure color,NA,Pocket,Button,NA
03163.jpg,Dungarees,Blue,Female,Pure color,NA,Pocket,Button,NA
03164.jpg,Dungarees,Blue,Female,Pure color,NA,Pocket,Button,NA
03165.jpg,Dungarees,Blue,Unisex,Pure color,NA,Button,NA,NA
03166.jpg,Dungarees,Blue,Female,Pure color,NA,Pocket,Button,NA
03167.jpg,Dungarees,Blue,Unisex,Pure color,NA,Pocket,Button,NA
03168.jpg,Dungarees,Blue,Female,Pure color,Animal,Pocket,Button,NA
03169.jpg,Dungarees,Purple,Female,Pure color,NA,Pocket,Button,NA
03170.jpg,Dungarees,Blue,Female,Pure color,NA,Pocket,NA,NA
03171.jpg,Dungarees,Blue,Unisex,Pure color,NA,Button,NA,NA
03172.jpg,Dungarees,Blue,Unisex,Pure color,NA,Pocket,Button,NA
03173.jpg,Dungarees,Blue,Unisex,Pure color,NA,Pocket,Button,NA
03174.jpg,Dungarees,Blue,Unisex,Pure color,NA,Pocket,Button,NA
03175.jpg,Dungarees,Blue,Unisex,Pure color,NA,Button,NA,NA
03176.jpg,Dungarees,Blue,Unisex,Pure color,NA,Button,NA,NA
03177.jpg,Dungarees,Blue,Unisex,Pure color,NA,Pocket,Button,NA
03178.jpg,Dungarees,Beige,Unisex,Pure color,Geometric,Pocket,NA,NA
03179.jpg,Dungarees,Beige,Unisex,Pure color,NA,Pocket,Button,NA
03180.jpg,Dungarees,Beige,Unisex,Pure color,NA,Pocket,Button,NA
03181.jpg,Dungarees,Beige,Unisex,Pure color,Animal,,NA,NA
03182.jpg,Dungarees,Brown,Unisex,Pure color,NA,Pocket,Button,NA
03183.jpg,Dungarees,Green,Unisex,Pure color,NA,,NA,NA
03184.jpg,Dungarees,Grey,Unisex,Pure color,Animal,Button,NA,NA
03185.jpg,Dungarees,Brown,Unisex,Pure color,NA,Pocket,Button,NA
03186.jpg,Dungarees,Brown,Female,Pure color,NA,Pocket,NA,NA
03187.jpg,Dungarees,Blue,Unisex,Pure color,Animal,Pocket,Button,NA
03188.jpg,Dungarees,Blue,Male,Pure color,Animal,Pocket,Button,NA
03189.jpg,Dungarees,Brown,Male,Pure color,Animal,Pocket,Button,NA
03190.jpg,Dungarees,Red,Male,Pure color,NA,Pocket,Button,NA
03191.jpg,Dungarees,Black,Unisex,Pure color,Animal,Button,NA,NA
03192.jpg,Dungarees,Black,Unisex,Pure color,NA,Pocket,NA,NA
03193.jpg,Dungarees,Blue,Female,Pure color,NA,Button,NA,NA
03194.jpg,Dungarees,Black,Unisex,Pure color,NA,Button,NA,NA
03195.jpg,Dungarees,Beige,Female,Pure color,NA,Pocket,Button,NA
03196.jpg,Dungarees,White,Female,Pure color,NA,Pocket,NA,NA
03197.jpg,Dungarees,Green,Female,Pure color,NA,Pocket,Button,NA
03198.jpg,Dungarees,Pink,Female,Pure color,NA,Bow,NA,NA
03199.jpg,Dungarees,Grey,Unisex,Pure color,NA,Button,NA,NA
03200.jpg,Dungarees,Black,Unisex,Pure color,NA,,NA,NA
03251.jpg,Hoodie,Black,Female,Pure color,NA,Belt,Hem,NA
03252.jpg,Hoodie,White,Female,Pure color,NA,Sleeve,Hem,NA
03253.jpg,Hoodie,White,Female,Pure color,NA,Bow,Hem,NA
03254.jpg,Hoodie,White,Female,Pure color,NA,Hem,NA,NA
03255.jpg,Hoodie,White,Female,Pure color,NA,Hem,NA,NA
03256.jpg,Hoodie,White,Female,Pure color,NA,Hem,NA,NA
03257.jpg,Hoodie,White,Female,Pure color,NA,Hem,Ruffle,NA
03258.jpg,Hoodie,White,Female,Pure color,NA,Bow,Hem,NA
03259.jpg,Hoodie,White,Female,Pure color,NA,Hem,NA,NA
03260.jpg,Hoodie,White,Female,Pure color,NA,Bow,Hem,Ruffle
03261.jpg,Hoodie,White,Female,Pure color,NA,Hem,NA,NA
03262.jpg,Hoodie,White,Female,Pure color,NA,Hem,NA,NA
03263.jpg,Hoodie,White,Female,Pure color,NA,Hem,NA,NA
03264.jpg,Hoodie,White,Female,Pure color,NA,Hem,NA,NA
03265.jpg,Hoodie,White,Female,Pure color,NA,Hem,Sleeve,NA
03266.jpg,Hoodie,White,Female,Pure color,NA,Hem,Ruffle,NA
03267.jpg,Hoodie,Beige,Female,Pure color,NA,Hem,NA,NA
03268.jpg,Hoodie,White,Female,Pure color,NA,Hem,NA,NA
03269.jpg,Hoodie,White,Female,Pure color,NA,Hem,Sleeve,NA
03270.jpg,Hoodie,White,Female,Pure color,NA,Hem,NA,NA
03271.jpg,Hoodie,White,Female,Pure color,NA,Hem,NA,NA
03272.jpg,Hoodie,White,Female,Pure color,NA,Hem,NA,NA
03273.jpg,Hoodie,White,Female,Pure color,NA,Hem,NA,NA
03274.jpg,Hoodie,Beige,Female,Pure color,NA,Hem,NA,NA
03275.jpg,Hoodie,Beige,Female,Pure color,NA,Hem,NA,NA
03276.jpg,Hoodie,Grey,Female,Pure color,NA,Hem,NA,NA
03277.jpg,Hoodie,White,Female,Pure color,NA,Hem,NA,NA
03278.jpg,Hoodie,White,Female,Pure color,NA,Hem,Ruffle,NA
03279.jpg,Hoodie,White,Female,Pure color,NA,Hem,Sleeve,NA
03280.jpg,Hoodie,White,Female,Pure color,NA,NA,NA,NA
03281.jpg,Hoodie,White,Female,Pure color,NA,Bow,Hem,NA
03282.jpg,Hoodie,White,Female,Pure color,NA,Hem,NA,NA
03283.jpg,Hoodie,White,Female,Pure color,NA,Sleeve,Hem,NA
03284.jpg,Hoodie,Purple,Female,Pure color,NA,Bow,Hem,NA
03285.jpg,Hoodie,Pink,Female,Pure color,NA,Sleeve,Hem,NA
03286.jpg,Hoodie,White,Female,Pure color,NA,Belt,Hem,NA
03287.jpg,Hoodie,Pink,Female,Pure color,NA,Hem,NA,NA
03288.jpg,Hoodie,Blue,Female,Pure color,NA,Hem,NA,NA
03289.jpg,Hoodie,Black,Female,Pure color,NA,Hem,NA,NA
03290.jpg,Hoodie,Black,Female,Pure color,NA,Hem,NA,NA
03291.jpg,Hoodie,Black,Female,Pure color,NA,Hem,NA,NA
03292.jpg,Hoodie,Pink,Female,Pure color,NA,Hem,Sleeve,NA
03293.jpg,Hoodie,Pink,Female,Pure color,NA,Bow,Hem,NA
03294.jpg,Hoodie,Pink,Female,Pure color,NA,Hem,NA,NA
03295.jpg,Hoodie,Pink,Female,Pure color,NA,Belt,Hem,NA
03296.jpg,Hoodie,Pink,Female,Pure color,NA,Hem,NA,NA
03297.jpg,Hoodie,Pink,Female,Pure color,NA,Hem,NA,NA
03298.jpg,Hoodie,Blue,Female,Pure color,NA,Hem,NA,NA
03299.jpg,Hoodie,Blue,Female,Pure color,NA,Hem,Sleeve,NA
03300.jpg,Hoodie,Red,Female,Pure color,NA,Hem,Sleeve,NA
03301.jpg,Jeans,Pink,Unisex,Pure color,NA,Sleeve,Drawstring,Hood
03302.jpg,Jeans,White,Unisex,Pure color,NA,Sleeve,Drawstring,Hood
03303.jpg,Jeans,White,Unisex,Pure color,NA,Drawstring,Hood,NA
03304.jpg,Jeans,White,Unisex,Pure color,Alphabet,Sleeve,Drawstring,Hood
03305.jpg,Jeans,White,Male,Pure color,NA,Drawstring,Hood,NA
03306.jpg,Jeans,Orange,Female,Pure color,NA,Sleeve,Hood,Button
03307.jpg,Jeans,Blue,Male,Pure color,NA,Sleeve,Hood,NA
03308.jpg,Jeans,White,Male,Pure color,Alphabet,Sleeve,Pocket,Hood
03309.jpg,Jeans,Blue,Unisex,Pure color,NA,Sleeve,Pocket,Hood
03310.jpg,Jeans,Blue,Unisex,Pure color,NA,Sleeve,Pocket,Hood
03311.jpg,Jeans,Blue,Unisex,Pure color,Animal,Sleeve,Pocket,Hood
03312.jpg,Jeans,Blue,Male,Pure color,NA,Sleeve,Pocket,Hood
03313.jpg,Jeans,Blue,Female,Pure color,NA,Sleeve,Button,Hood
03314.jpg,Jeans,Blue,Unisex,Pure color,NA,Sleeve,Zipper,Hood
03315.jpg,Jeans,Blue,Male,Pure color,NA,Sleeve,Zipper,Hood
03316.jpg,Jeans,White,Female,Pure color,NA,Sleeve,Pocket,Hood
03317.jpg,Jeans,Blue,Female,Pure color,NA,Sleeve,Pocket,Hood
03318.jpg,Jeans,Pink,Female,Pure color,Animal,Sleeve,Hood,NA
03319.jpg,Jeans,Blue,Unisex,Pure color,NA,Sleeve,Drawstring,Hood
03320.jpg,Jeans,White,Unisex,Pure color,Alphabet,Sleeve,Drawstring,Hood
03321.jpg,Jeans,White,Unisex,Pure color,Alphabet,Sleeve,Pocket,Hood
03322.jpg,Jeans,White,Male,Pure color,Stripes,Sleeve,Drawstring,Hood
03323.jpg,Jeans,Black,Male,Pure color,Geometric,Sleeve,Drawstring,Hood
03324.jpg,Jeans,Black,Male,Pure color,NA,Sleeve,Drawstring,Hood
03325.jpg,Jeans,Grey,Male,Pure color,Alphabet,Sleeve,Pocket,Hood
03326.jpg,Jeans,White,Male,Pure color,NA,Sleeve,Drawstring,Hood
03327.jpg,Jeans,White,Male,Pure color,NA,Sleeve,Hood,NA
03328.jpg,Jeans,White,Male,Pure color,Geometric,Sleeve,Drawstring,Hood
03329.jpg,Jeans,Blue,Male,Pure color,Geometric,Sleeve,Drawstring,Hood
03330.jpg,Jeans,Red,Male,Abstract,Stripes,Sleeve,Drawstring,Hood
03331.jpg,Jeans,Black,Female,Abstract,NA,Sleeve,Hood,NA
03332.jpg,Jeans,Pink,Male,Pure color,Geometric,Sleeve,Pocket,Hood
03333.jpg,Jeans,Red,Male,Pure color,Geometric,Sleeve,Drawstring,Hood
03334.jpg,Jeans,Grey,Male,Pure color,Geometric,Sleeve,Drawstring,Hood
03335.jpg,Jeans,Black,Male,Pure color,Stripes,Sleeve,Hood,NA
03336.jpg,Jeans,Black,Male,Pure color,Abstract ,Sleeve,Drawstring,Hood
03337.jpg,Jeans,Black,Male,Pure color,Abstract ,Sleeve,Hood,NA
03338.jpg,Jeans,Black,Male,Pure color,Alphabet,Sleeve,Drawstring,Hood
03339.jpg,Jeans,Grey,Male,Pure color,Geometric,Sleeve,Drawstring,Hood
03340.jpg,Jeans,Grey,Unisex,Stripes,Animal,Sleeve,Hood,Zipper
03341.jpg,Jeans,Blue,Unisex,Plaid,Animal,Sleeve,Hood,Zipper
03342.jpg,Jeans,White,Female,Pure color,Cartoon,Sleeve,Drawstring,Hood
03343.jpg,Jeans,Blue,Unisex,Pure color,Cartoon,Sleeve,Pocket,Hood
03344.jpg,Jeans,White,Unisex,Pure color,Animal,Sleeve,Pocket,Hood
03345.jpg,Jeans,Purple,Male,Pure color,Cartoon,Sleeve,Drawstring,Hood
03346.jpg,Jeans,Black,Male,Pure color,Cartoon,Sleeve,Hood,NA
03347.jpg,Jeans,White,Female,Pure color,Cartoon,Sleeve,Drawstring,Hood
03348.jpg,Jeans,Pink,Female,Pure color,Cartoon,Sleeve,Pocket,Hood
03349.jpg,Jeans,Black,Unisex,Pure color,Animal,Sleeve,Drawstring,Hood
03350.jpg,Jeans,Pink,Female,Pure color,NA,Sleeve,Hood,NA
03351.jpg,Pants,Blue,Unisex,Pure color,NA,Button,Zipper,Pocket
03352.jpg,Pants,Blue,Unisex,Pure color,NA,Zipper,Pocket,NA
03353.jpg,Pants,Blue,Unisex,Pure color,NA,Button,Zipper,Pocket
03354.jpg,Pants,Blue,Unisex,Pure color,NA,Button,Zipper,Pocket
03355.jpg,Pants,Blue,Unisex,Pure color,NA,Button,Zipper,Pocket
03356.jpg,Pants,Blue,Unisex,Pure color,NA,Button,Zipper,Pocket
03357.jpg,Pants,Blue,Unisex,Pure color,NA,Button,Zipper,Pocket
03358.jpg,Pants,Blue,Unisex,Pure color,NA,Button,Zipper,Pocket
03359.jpg,Pants,Blue,Unisex,Pure color,NA,Button,Zipper,Pocket
03360.jpg,Pants,Blue,Unisex,Pure color,NA,Button,Zipper,NA
03361.jpg,Pants,Blue,Unisex,Pure color,NA,Button,Zipper,Pocket
03362.jpg,Pants,Blue,Unisex,Pure color,NA,Button,Zipper,Pocket
03363.jpg,Pants,Grey,Female,Pure color,NA,Button,Zipper,Pocket
03364.jpg,Pants,Blue,Female,Pure color,NA,Button,Zipper,Pocket
03365.jpg,Pants,Blue,Female,Pure color,NA,Button,Zipper,Pocket
03366.jpg,Pants,Blue,Male,Pure color,NA,Zipper,Pocket,NA
03367.jpg,Pants,Blue,Male,Pure color,NA,Zipper,Pocket,NA
03368.jpg,Pants,Blue,Female,Pure color,NA,Zipper,Pocket,NA
03369.jpg,Pants,Blue,Female,Pure color,NA,Zipper,Pocket,NA
03370.jpg,Pants,Black,Female,Pure color,NA,Button,Zipper,Pocket
03371.jpg,Pants,Blue,Female,Pure color,NA,Button,Zipper,Pocket
03372.jpg,Pants,Black,Unisex,Pure color,NA,Button,Zipper,Pocket
03373.jpg,Pants,Blue,Female,Pure color,NA,Button,Zipper,Pocket
03374.jpg,Pants,Blue,Unisex,Pure color,NA,Button,Zipper,Pocket
03375.jpg,Pants,Blue,Unisex,Pure color,NA,Button,Zipper,Pocket
03376.jpg,Pants,Black,Unisex,Pure color,NA,Button,Zipper,Pocket
03377.jpg,Pants,Black,Unisex,Pure color,NA,Button,Zipper,Pocket
03378.jpg,Pants,Black,Unisex,Pure color,NA,Button,Zipper,Pocket
03379.jpg,Pants,Black,Unisex,Pure color,NA,Button,Zipper,Pocket
03380.jpg,Pants,Black,Unisex,Pure color,NA,Button,Zipper,Pocket
03381.jpg,Pants,Blue,Male,Pure color,NA,Button,Zipper,Pocket
03382.jpg,Pants,Blue,Male,Pure color,NA,Button,Zipper,Pocket
03383.jpg,Pants,Blue,Male,Pure color,NA,Button,Zipper,Pocket
03384.jpg,Pants,Black,Male,Pure color,NA,Button,Zipper,Pocket
03385.jpg,Pants,Blue,Female,Pure color,NA,Button,Zipper,Pocket
03386.jpg,Pants,Blue,Female,Pure color,NA,Button,Zipper,Pocket
03387.jpg,Pants,Blue,Unisex,Pure color,NA,Button,Zipper,Pocket
03388.jpg,Pants,Blue,Unisex,Pure color,NA,Button,Zipper,Pocket
03389.jpg,Pants,Blue,Unisex,Pure color,NA,Elastic,Pocket,NA
03390.jpg,Pants,Blue,Unisex,Pure color,NA,Elastic,Pocket,NA
03391.jpg,Pants,Blue,Unisex,Pure color,NA,Elastic,Pocket,NA
03392.jpg,Pants,Blue,Unisex,Pure color,NA,Elastic,Pocket,NA
03393.jpg,Pants,Blue,Unisex,Pure color,NA,Elastic,Pocket,NA
03394.jpg,Pants,Blue,Female,Pure color,NA,Elastic,Pocket,NA
03395.jpg,Pants,Blue,Female,Pure color,NA,Elastic,Pocket,NA
03396.jpg,Pants,Blue,Female,Pure color,NA,Elastic,Pocket,NA
03397.jpg,Pants,Blue,Female,Pure color,NA,Elastic,Pocket,NA
03398.jpg,Pants,Blue,Female,Pure color,NA,Elastic,Pocket,NA
03399.jpg,Pants,Blue,Male,Pure color,Cartoon,Elastic,Pocket,NA
03400.jpg,Pants,Blue,Male,Pure color,Cartoon,Elastic,Pocket,NA
10651.jpg,Shirt,Blue,Male,Cartoon,Animal,Elastic,Bow,NA
10652.jpg,Shirt,Green,Unisex,Pure color,Floral,Elastic,NA,NA
10653.jpg,Shirt,Pink,Female,Pure color,Floral,Elastic,NA,NA
10654.jpg,Shirt,Blue,Male,Cartoon,Animal,Elastic,NA,NA
10655.jpg,Shirt,Black,Male,Pure color,Cartoon,Elastic,Bow,NA
10656.jpg,Shirt,Beige,Unisex,Pure color,Cartoon,Elastic,NA,NA
10657.jpg,Shirt,Blue,Male,Pure color,NA,Elastic,NA,NA
10658.jpg,Shirt,Grey,Male,Pure color,Cartoon,Elastic,Drawstring,NA
10659.jpg,Shirt,Blue,Male,Pure color,Animal,Elastic,NA,NA
10660.jpg,Shirt,Blue,Male,Pure color,Animal,Elastic,Drawstring,NA
10661.jpg,Shirt,Beige,Female,Pure color,NA,Elastic,NA,NA
10662.jpg,Shirt,Brown,Male,Pure color,Animal,Elastic,Pocket,NA
10663.jpg,Shirt,Black,Male,Pure color,NA,Elastic,NA,NA
10664.jpg,Shirt,Grey,Male,Pure color,NA,Elastic,NA,NA
10665.jpg,Shirt,Blue,Female,Floral,NA,Elastic,NA,NA
10666.jpg,Shirt,Black,Male,Pure color,NA,Elastic,NA,NA
10667.jpg,Shirt,Black,Male,Pure color,NA,Elastic,NA,NA
10668.jpg,Shirt,Black,Male,Pure color,Alphabet,Elastic,NA,NA
10669.jpg,Shirt,Blue,Male,Pure color,Alphabet,Elastic,Drawstring,NA
10670.jpg,Shirt,Blue,Male,Pure color,NA,Elastic,NA,NA
10671.jpg,Shirt,Blue,Male,Pure color,NA,Elastic,NA,NA
10672.jpg,Shirt,Black,Male,Pure color,NA,Elastic,NA,NA
10673.jpg,Shirt,Yellow,Male,Pure color,Alphabet,Elastic,Pocket,NA
10674.jpg,Shirt,Yellow,Male,Pure color,NA,Elastic,Pocket,NA
10675.jpg,Shirt,Beige,Male,Pure color,Cartoon,Elastic,Pocket,NA
10676.jpg,Shirt,Yellow,Male,Pure color,Cartoon,Elastic,Pocket,NA
10677.jpg,Shirt,Black,Female,Abstract,NA,Button,NA,NA
10678.jpg,Shirt,Black,Female,Geometric,NA,Pocket,NA,NA
10679.jpg,Shirt,White,Female,Pure color,NA,Pocket,NA,NA
10680.jpg,Shirt,White,Female,Pure color,NA,Pocket,Button,NA
10681.jpg,Shirt,Green,Female,Pure color,NA,Pocket,Button,NA
10682.jpg,Shirt,Beige,Female,Pure color,NA,NA,NA,NA
10683.jpg,Shirt,Green,Female,Pure color,NA,Elastic,NA,NA
10684.jpg,Shirt,White,Male,Pure color,NA,Button,Pocket,NA
10685.jpg,Shirt,Black,Male,Pure color,NA,Elastic,Drawstring,NA
10686.jpg,Shirt,Grey,Male,Pure color,NA,Button,Zipper,Pocket
10687.jpg,Shirt,Blue,Male,Pure color,NA,Button,Zipper,Pocket
10688.jpg,Shirt,Grey,Male,Pure color,NA,Elastic,Drawstring,NA
10689.jpg,Shirt,Black,Male,Pure color,NA,Button,Zipper,Pocket
10690.jpg,Shirt,Black,Male,Pure color,NA,Elastic,Drawstring,NA
10691.jpg,Shirt,Brown,Male,Pure color,NA,Button,Zipper,Pocket
10692.jpg,Shirt,Brown,Male,Pure color,NA,Belt,Pocket,NA
10693.jpg,Shirt,Pink,Male,Pure color,NA,Button,Zipper,Pocket
10694.jpg,Shirt,Pink,Female,Pure color,Cartoon,Elastic,NA,NA
10695.jpg,Shirt,Blue,Female,Pure color,Cartoon,Elastic,NA,NA
10696.jpg,Shirt,Blue,Male,Pure color,Animal,Elastic,Pocket,NA
10697.jpg,Shirt,Beige,Male,Pure color,Animal,Elastic,NA,NA
10698.jpg,Shirt,Blue,Male,Pure color,NA,Elastic,Drawstring,Pocket
10699.jpg,Shirt,Blue,Male,Pure color,NA,Elastic,NA,NA
10700.jpg,Shirt,Green,Male,Pure color,NA,Elastic,NA,NA
10601.jpg,Shorts,Beige,Male,Pure color,Alphabet,Elastic,NA,NA
10602.jpg,Shorts,Brown,Male,Stripes,NA,Elastic,Drawstring,NA
10603.jpg,Shorts,Black,Male,Pure color,NA,Button,Zipper,NA
10604.jpg,Shorts,Green,Male,Pure color,Alphabet,Elastic,NA,NA
10605.jpg,Shorts,Green,Male,Pure color,NA,Button,Zipper,Pocket
10606.jpg,Shorts,Beige,Female,Pure color,NA,Elastic,Belt,NA
10607.jpg,Shorts,Pink,Female,Pure color,NA,Button,Zipper,Pocket
10608.jpg,Shorts,White,Female,Pure color,NA,Elastic,NA,NA
10609.jpg,Shorts,Brown,Female,Pure color,NA,Belt,NA,NA
10610.jpg,Shorts,Black,Male,Pure color,NA,Elastic,Drawstring,NA
10611.jpg,Shorts,Blue,Male,Pure color,NA,Elastic,Drawstring,NA
10612.jpg,Shorts,Beige,Female,Pure color,NA,Button,Zipper,Pocket
10613.jpg,Shorts,Black,Male,Pure color,NA,Button,Zipper,Pocket
10614.jpg,Shorts,Grey,Male,Pure color,NA,Elastic,NA,NA
10615.jpg,Shorts,Black,Male,Pure color,NA,Elastic,Drawstring,Pocket
10616.jpg,Shorts,Blue,Female,Pure color,Stripes,Elastic,Drawstring,Bow
10617.jpg,Shorts,Black,Female,Pure color,NA,Button,Zipper,Pocket
10618.jpg,Shorts,Pink,Female,Pure color,NA,Belt,NA,NA
10619.jpg,Shorts,White,Female,Pure color,NA,Elastic,Drawstring,Bow
10620.jpg,Shorts,Red,Female,Pure color,NA,Zipper,Pleat,NA
10621.jpg,Shorts,Red,Female,Pure color,NA,Elastic,Drawstring,Bow
10622.jpg,Shorts,Yellow,Female,Pure color,NA,Pocket,NA,NA
10623.jpg,Shorts,Yellow,Male,Pure color,NA,Button,Zipper,NA
10624.jpg,Shorts,Yellow,Male,Pure color,NA,Elastic,Drawstring,NA
10625.jpg,Shorts,Orange,Male,Pure color,NA,Elastic,NA,NA
10626.jpg,Shorts,Blue,Male,Pure color,NA,Drawstring,Pocket,NA
10627.jpg,Shorts,Blue,Unisex,Pure color,NA,Elastic,Drawstring,NA
10628.jpg,Shorts,Blue,Unisex,Pure color,NA,Elastic,Drawstring,Pocket
10629.jpg,Shorts,Blue,Female,Pure color,NA,Button,Zipper,Pocket
10630.jpg,Shorts,Green,Female,Pure color,NA,Button,Zipper,Pocket
10631.jpg,Shorts,Green,Female,Pure color,NA,Elastic,Drawstring,NA
10632.jpg,Shorts,Green,Male,Pure color,NA,Elastic,NA,NA
10633.jpg,Shorts,Green,Male,Pure color,NA,Elastic,Drawstring,NA
10634.jpg,Shorts,Purple,Unisex,Pure color,NA,Elastic,NA,NA
10635.jpg,Shorts,Purple,Unisex,Pure color,NA,Elastic,NA,NA
10636.jpg,Shorts,Purple,Unisex,Pure color,Geometric,Elastic,NA,NA
10637.jpg,Shorts,Purple,Female,Pure color,NA,Elastic,NA,NA
10638.jpg,Shorts,Green,Female,Pure color,NA,Elastic,Drawstring,NA
10639.jpg,Shorts,Pink,Male,Pure color,Cartoon,Elastic,Drawstring,NA
10640.jpg,Shorts,Blue,Female,Pure color,NA,Elastic,Drawstring,Bow
10641.jpg,Shorts,Grey,Unisex,Pure color,Floral,Elastic,NA,NA
10642.jpg,Shorts,Brown,Male,Stripes,NA,Elastic,Drawstring,Bow
10643.jpg,Shorts,Grey,Male,Pure color,NA,Button,Zipper,Pocket
10644.jpg,Shorts,Blue,Male,Pure color,Cartoon,Elastic,Pocket,NA
10645.jpg,Shorts,Grey,Male,Pure color,NA,Elastic,NA,NA
10646.jpg,Shorts,Blue,Male,Plaid,NA,Button,Zipper,Pocket
10647.jpg,Shorts,Orange,Unisex,Fruit,NA,Elastic,Drawstring,NA
10648.jpg,Shorts,Blue,Male,Pure color,NA,Elastic,NA,NA
10649.jpg,Shorts,Green,Female,Pure color,NA,Elastic,NA,NA
10650.jpg,Shorts,Black,Female,Pure color,Alphabet,Elastic,Pocket,NA
10751.jpg,Skirt,Black,Male,Pure color,Abstract,Collar,Sleeve,Button
10752.jpg,Skirt,Blue,Male,Stripes,NA,Collar,Sleeve,Button
10753.jpg,Skirt,Purple,Male,Pure color,NA,Collar,Sleeve,Button
10754.jpg,Skirt,White,Female,Stripes,NA,Collar,Sleeve,Bow
10755.jpg,Skirt,Pink,Male,Pure color,NA,Collar,Sleeve,Button
10756.jpg,Skirt,White,Female,Pure color,NA,Collar,Sleeve,Button
10757.jpg,Skirt,White,Female,Pure color,NA,Collar,Sleeve,Button
10758.jpg,Skirt,White,Female,Pure color,NA,Collar,Sleeve,Button
10759.jpg,Skirt,Pink,Female,Pure color,NA,Collar,Sleeve,Button
10760.jpg,Skirt,Blue,Female,Pure color,NA,Collar,Sleeve,Button
10761.jpg,Skirt,White,Unisex,Pure color,NA,Collar,Sleeve,Button
10762.jpg,Skirt,Blue,Male,Pure color,NA,Collar,Sleeve,Button
10763.jpg,Skirt,Beige,Male,Pure color,NA,Collar,Sleeve,Button
10764.jpg,Skirt,Blue,Male,Pure color,NA,Collar,Sleeve,Button
10765.jpg,Skirt,Blue,Male,Pure color,NA,Collar,Sleeve,Button
10766.jpg,Skirt,Beige,Male,Pure color,NA,Collar,Sleeve,Button
10767.jpg,Skirt,Blue,Male,Stripes,NA,Collar,Sleeve,Button
10768.jpg,Skirt,Pink,Male,Plaid,Pure color,Collar,Sleeve,Pocket
10769.jpg,Skirt,Yellow,Female,Abstract,NA,Collar,Button,Pleat
10770.jpg,Skirt,Beige,Female,Pure color,NA,Collar,Button,NA
10771.jpg,Skirt,White,Unisex,Pure color,Plaid,Collar,Button,NA
10772.jpg,Skirt,Blue,Male,Pure color,NA,Sleeve,Button,NA
10773.jpg,Skirt,Blue,Female,Pure color,NA,Collar,Sleeve,Button
10774.jpg,Skirt,White,Female,Pure color,NA,Collar,Sleeve,Button
10775.jpg,Skirt,Blue,Female,Pure color,NA,Collar,Sleeve,Button
10776.jpg,Skirt,Green,Female,Pure color,NA,Collar,Sleeve,Pleat
10777.jpg,Skirt,Pink,Female,Pure color,NA,Collar,Sleeve,Button
10778.jpg,Skirt,Beige,Female,Plaid,NA,Collar,Button,NA
10779.jpg,Skirt,Green,Male,Pure color,NA,Collar,Sleeve,NA
10780.jpg,Skirt,Brown,Male,Plaid,NA,Collar,Sleeve,Button
10781.jpg,Skirt,Green,Male,Plaid,NA,Collar,Sleeve,Button
10782.jpg,Skirt,White,Male,Pure color,NA,Collar,Sleeve,Button
10783.jpg,Skirt,Blue,Male,Plaid,NA,Collar,Sleeve,Button
10784.jpg,Skirt,Beige,Male,Pure color,NA,Collar,Sleeve,Button
10785.jpg,Skirt,Beige,Male,Stripes,NA,Collar,Sleeve,Button
10786.jpg,Skirt,Beige,Male,Pure color,NA,Collar,Sleeve,Button
10787.jpg,Skirt,Grey,Male,Pure color,NA,Collar,Sleeve,Button
10788.jpg,Skirt,Brown,Male,Pure color,NA,Collar,Button,NA
10789.jpg,Skirt,Blue,Male,Pure color,NA,Collar,Button,NA
1079.jpg,Skirt,Brown,Male,Stripes,NA,Collar,Sleeve,Button
10790.jpg,Skirt,Purple,Male,Pure color,NA,Collar,Sleeve,Button
10791.jpg,Skirt,Beige,Male,Plaid,NA,Collar,Sleeve,Button
10792.jpg,Skirt,Pink,Female,Pure color,NA,Collar,Button,Pocket
10793.jpg,Skirt,Beige,Male,Stripes,NA,Collar,Button,Pocket
10794.jpg,Skirt,Blue,Male,Stripes,NA,Collar,Sleeve,Button
10795.jpg,Skirt,Pink,Female,Animal,Cartoon,Collar,Button,Pocket
10796.jpg,Skirt,White,Female,Pure color,NA,Collar,Sleeve,Button
10798.jpg,Skirt,Green,Male,Pure color,NA,Collar,Button,NA
10799.jpg,Skirt,Grey,Male,Pure color,NA,Collar,Sleeve,Pocket
10800.jpg,Skirt,Black,Male,Pure color,NA,Collar,Sleeve,Button
10701.jpg,Strap dress,Red,Female,Pure color,NA,Hem,NA,NA
10702.jpg,Strap dress,Blue,Female,Pure color,NA,Pleat,NA,NA
10703.jpg,Strap dress,Black,Female,Pure color,NA,Hem,NA,NA
10704.jpg,Strap dress,Blue,Female,Plaid,NA,Hem,Pleat,NA
10705.jpg,Strap dress,Yellow,Female,Pure color,NA,Hem,Pleat,NA
10706.jpg,Strap dress,Green,Female,Floral,NA,Hem,Pleat,NA
10707.jpg,Strap dress,Blue,Female,Pure color,NA,Pleat,NA,NA
10708.jpg,Strap dress,Beige,Female,Floral,NA,Hem,Bow,NA
10709.jpg,Strap dress,Green,Female,Pure color,NA,Hem,NA,NA
10710.jpg,Strap dress,Yellow,Female,Pure color,NA,Hem,Bow,NA
10711.jpg,Strap dress,Green,Female,Floral,NA,Hem,Bow,NA
10712.jpg,Strap dress,White,Female,Floral,NA,Hem,Bow,NA
10713.jpg,Strap dress,Green,Female,Floral,NA,Bow,NA,NA
10714.jpg,Strap dress,Red,Female,Stripes,NA,NA,NA,NA
10715.jpg,Strap dress,Blue,Female,Floral,NA,Hem,Elastic,NA
10716.jpg,Strap dress,Orange,Female,Leopard print,NA,Bow,NA,NA
10717.jpg,Strap dress,Black,Female,Pure color,NA,NA,NA,NA
10718.jpg,Strap dress,Blue,Female,Floral,NA,NA,NA,NA
10719.jpg,Strap dress,Black,Female,Pure color,NA,Bow,NA,NA
10720.jpg,Strap dress,Blue,Female,Floral,NA,Bow,NA,NA
10721.jpg,Strap dress,Brown,Female,Polka dots,NA,NA,NA,NA
10722.jpg,Strap dress,Beige,Female,Pure color,NA,NA,NA,NA
10723.jpg,Strap dress,Green,Female,Pure color,NA,Bow,NA,NA
10724.jpg,Strap dress,Green,Female,Pure color,NA,Bow,NA,NA
10725.jpg,Strap dress,Green,Female,Pure color,NA,NA,NA,NA
10726.jpg,Strap dress,Grey,Female,Pure color,NA,Pleat,Elastic,NA
10727.jpg,Strap dress,Blue,Female,Pure color,NA,Bow,NA,NA
10728.jpg,Strap dress,Grey,Female,Floral,NA,NA,NA,NA
10729.jpg,Strap dress,Beige,Female,Pure color,NA,NA,NA,NA
10730.jpg,Strap dress,Beige,Female,Floral,Stripes,Bow,NA,NA
10731.jpg,Strap dress,Beige,Female,Floral,NA,NA,NA,NA
10732.jpg,Strap dress,Black,Female,Floral,NA,Hem,NA,NA
10733.jpg,Strap dress,Blue,Female,Pure color,NA,Pleat,Elastic,NA
10734.jpg,Strap dress,Pink,Female,Floral,NA,Pleat,NA,NA
10735.jpg,Strap dress,Green,Female,Floral,NA,NA,NA,NA
10736.jpg,Strap dress,Red,Female,Floral,NA,NA,NA,NA
10737.jpg,Strap dress,Black,Female,Pure color,NA,NA,NA,NA
10738.jpg,Strap dress,Red,Female,Pure color,NA,Button,NA,NA
10739.jpg,Strap dress,Black,Female,Pure color,NA,NA,NA,NA
10740.jpg,Strap dress,Beige,Female,Stripes,NA,Bow,Pocket,NA
10741.jpg,Strap dress,Green,Female,Pure color,NA,Button,Pocket,NA
10742.jpg,Strap dress,Pink,Female,Pure color,NA,Pleat,NA,NA
10743.jpg,Strap dress,Beige,Female,Floral,NA,Pleat,NA,NA
10744.jpg,Strap dress,Blue,Female,Floral,NA,Bow,NA,NA
10745.jpg,Strap dress,Blue,Female,Stripes,NA,Button,NA,NA
10746.jpg,Strap dress,Pink,Female,Pure color,NA,Bow,Pleat,Elastic
10747.jpg,Strap dress,Brown,Female,Pure color,NA,Bow,NA,NA
10748.jpg,Strap dress,Purple,Female,Floral,NA,Hem,NA,NA
10749.jpg,Strap dress,Green,Female,Floral,NA,Pleat,NA,NA
10750.jpg,Strap dress,Purple,Female,Pure color,NA,Button,Pleat,NA
10801.jpg,Suit set,Blue,Female,Pure color,NA,Ruffle,NA,NA
10802.jpg,Suit set,Green,Female,Pure color,NA,Pocket,Button,Zipper
10803.jpg,Suit set,Blue,Female,Pure color,NA,Ruffle,NA,NA
10804.jpg,Suit set,White,Female,Pure color,NA,Ruffle,Elastic,NA
10805.jpg,Suit set,Pink,Female,Pure color,NA,Belt,Pocket,Zipper
10806.jpg,Suit set,Grey,Female,Pure color,NA,Ruffle,NA,NA
10807.jpg,Suit set,Grey,Female,Pure color,NA,Pocket,Button,Zipper
10808.jpg,Suit set,Black,Female,Pure color,NA,Ruffle,Bow,NA
10809.jpg,Suit set,Beige,Female,Pure color,NA,Belt,Pocket,Zipper
10810.jpg,Suit set,Brown,Female,Plaid,NA,Ruffle,NA,NA
10811.jpg,Suit set,Green,Female,Pure color,NA,Button,Zipper,NA
10812.jpg,Suit set,Red,Female,Pure color,NA,Ruffle,NA,NA
10813.jpg,Suit set,Green,Female,Pure color,NA,Pocket,Button,Zipper
10814.jpg,Suit set,Black,Female,Pure color,NA,Ruffle,Belt,NA
10815.jpg,Suit set,Black,Female,Pure color,NA,Ruffle,NA,NA
10816.jpg,Suit set,Black,Female,Pure color,NA,Ruffle,NA,NA
10817.jpg,Suit set,Brown,Female,Pure color,NA,Ruffle,NA,NA
10818.jpg,Suit set,Black,Female,Pure color,NA,Pocket,Button,Zipper
10819.jpg,Suit set,Purple,Female,Pure color,NA,NA,NA,NA
10820.jpg,Suit set,Brown,Female,Plaid,NA,Ruffle,NA,NA
10821.jpg,Suit set,Blue,Female,Pure color,NA,Ruffle,NA,NA
10822.jpg,Suit set,Blue,Female,Plaid,NA,Ruffle,NA,NA
10823.jpg,Suit set,Grey,Female,Plaid,NA,Ruffle,NA,NA
10824.jpg,Suit set,Brown,Female,Pure color,NA,Ruffle,NA,NA
10825.jpg,Suit set,Beige,Female,Pure color,NA,Pocket,NA,NA
10826.jpg,Suit set,Grey,Female,Pure color,NA,Pocket,NA,NA
10827.jpg,Suit set,Black,Female,Pure color,NA,NA,NA,NA
10828.jpg,Suit set,White,Female,Pure color,NA,Ruffle,NA,NA
10829.jpg,Suit set,Blue,Female,Pure color,NA,Ruffle,NA,NA
10830.jpg,Suit set,Red,Female,Floral,NA,Ruffle,Elastic,NA
10831.jpg,Suit set,Black,Female,Pure color,NA,Ruffle,NA,NA
10832.jpg,Suit set,Black,Female,Pure color,NA,Pocket,Button,Zipper
10833.jpg,Suit set,Black,Female,Pure color,NA,Pocket,Bow,NA
10834.jpg,Suit set,Beige,Female,Pure color,NA,NA,NA,NA
10835.jpg,Suit set,Beige,Female,Pure color,NA,Ruffle,NA,NA
10836.jpg,Suit set,Green,Female,Plaid,NA,Ruffle,NA,NA
10837.jpg,Suit set,White,Female,Floral,NA,Ruffle,NA,NA
10838.jpg,Suit set,Brown,Female,Abstract,NA,Ruffle,NA,NA
10839.jpg,Suit set,Brown,Female,Plaid,NA,Ruffle,NA,NA
10840.jpg,Suit set,Blue,Female,Pure color,NA,Elastic,NA,NA
10841.jpg,Suit set,Black,Female,Plaid,NA,Ruffle,NA,NA
10842.jpg,Suit set,Orange,Female,Plaid,NA,NA,NA,NA
10843.jpg,Suit set,Brown,Female,Pure color,NA,Ruffle,NA,NA
10844.jpg,Suit set,Pink,Female,Pure color,NA,Ruffle,Belt,NA
10845.jpg,Suit set,Blue,Female,Pure color,NA,Ruffle,NA,NA
10846.jpg,Suit set,Blue,Female,Pure color,NA,Pocket,Button,Zipper
10847.jpg,Suit set,Black,Female,Polka dots,NA,Ruffle,Pocket,Button
10848.jpg,Suit set,Blue,Female,Pure color,NA,Ruffle,Belt,NA
10849.jpg,Suit set,Blue,Female,Pure color,NA,Pocket,Button,Zipper
10850.jpg,Suit set,Blue,Female,Pure color,NA,Ruffle,Belt,NA
10851.jpg,Sweater,Beige,Female,Pure color,NA,Sleeve,Button,Pocket
10852.jpg,Sweater,Grey,Female,Plaid,NA,Sleeve,NA,NA
10853.jpg,Sweater,Blue,Female,Pure color,NA,Sleeve,Button,Pocket
10854.jpg,Sweater,Pink,Female,Pure color,NA,Sleeve,Button,Pocket
10855.jpg,Sweater,Purple,Female,Pure color,NA,Sleeve,Button,Pocket
10856.jpg,Sweater,Brown,Female,Pure color,NA,Button,Pocket,NA
10857.jpg,Sweater,White,Female,Pure color,NA,Sleeve,Button,Pocket
10858.jpg,Sweater,Brown,Male,Pure color,NA,Bow,Button,Pocket
10859.jpg,Sweater,Grey,Male,Pure color,Alphabet,Hood,Pocket,Drawstring
10860.jpg,Sweater,Beige,Male,Pure color,Alphabet,Drawstring,Elastic,NA
10861.jpg,Sweater,Black,Male,Pure color,NA,Sleeve,Pocket,NA
10862.jpg,Sweater,Red,Female,Pure color,NA,Sleeve,Button,Collar
10863.jpg,Sweater,Red,Female,Pure color,NA,Sleeve,Bow,Collar
10864.jpg,Sweater,Orange,Female,Pure color,NA,Sleeve,Bow,Elastic
10865.jpg,Sweater,Grey,Male,Cartoon,NA,Collar,Button,Pocket
10866.jpg,Sweater,Blue,Male,Animal,Cartoon,Elastic,NA,NA
10867.jpg,Sweater,Green,Male,Cartoon,NA,Elastic,NA,NA
10868.jpg,Sweater,Blue,Male,Cartoon,NA,Elastic,NA,NA
10869.jpg,Sweater,Yellow,Unisex,Stripes,NA,Collar,Button,Elastic
10870.jpg,Sweater,Pink,Female,Animal,Cartoon,Hood,Button,Elastic
10871.jpg,Sweater,Pink,Female,Pure color,Plaid,Collar,Button,Elastic
10872.jpg,Sweater,White,Male,Animal,Cartoon,NA,NA,NA
10873.jpg,Sweater,Orange,Male,Abstract,NA,Collar,Button,NA
10874.jpg,Sweater,Purple,Male,Plaid,NA,Sleeve,Button,Pocket
10875.jpg,Sweater,Blue,Male,Plaid,NA,Sleeve,Elastic,Drawstring
10876.jpg,Sweater,Black,Male,Geometric,NA,Sleeve,Zipper,Drawstring
10877.jpg,Sweater,Beige,Male,Pure color,Stripes,Elastic,NA,NA
10878.jpg,Sweater,Red,Male,Pure color,NA,Elastic,NA,NA
10879.jpg,Sweater,Black,Unisex,Pure color,NA,Sleeve,NA,NA
10880.jpg,Sweater,White,Unisex,Pure color,Alphabet,Hood,Elastic,NA
10881.jpg,Sweater,Black,Male,Pure color,Stripes,Elastic,NA,NA
10882.jpg,Sweater,Grey,Male,Pure color,NA,Sleeve,Elastic,Drawstring
10883.jpg,Sweater,Grey,Male,Pure color,NA,Sleeve,Pocket,Drawstring
10884.jpg,Sweater,Blue,Female,Pure color,Geometric,Elastic,Drawstring,NA
10885.jpg,Sweater,Pink,Female,Pure color,Alphabet,Hood,Elastic,Drawstring
10886.jpg,Sweater,Orange,Male,Cartoon,NA,Sleeve,Elastic,NA
10887.jpg,Sweater,Grey,Female,Pure color,Abstract,Sleeve,Elastic,NA
10888.jpg,Sweater,Blue,Male,Pure color,Alphabet,Elastic,NA,NA
10889.jpg,Sweater,Green,Male,Pure color,Stripes,Sleeve,Pocket,Elastic
10890.jpg,Sweater,Black,Female,Pure color,NA,Sleeve,Button,NA
10891.jpg,Sweater,Purple,Female,Pure color,NA,Sleeve,Bow,Collar
10892.jpg,Sweater,Black,Male,Pure color,NA,Sleeve,Tie,Pocket
10893.jpg,Sweater,Beige,Male,Pure color,NA,Button,Zipper,NA
10894.jpg,Sweater,Grey,Male,Plaid,NA,Collar,Button,Drawstring
10895.jpg,Sweater,Blue,Male,Pure color,NA,Collar,Button,NA
10896.jpg,Sweater,Grey,Male,Pure color,NA,Bow,Collar,Button
10897.jpg,Sweater,Black,Female,Pure color,NA,Elastic,NA,NA
10898.jpg,Sweater,Beige,Female,Pure color,NA,Sleeve,Elastic,NA
10899.jpg,Sweater,Beige,Female,Pure color,NA,Sleeve,Belt,NA
10900.jpg,Sweater,Green,Female,Pure color,NA,Collar,Button,Pocket
10951.jpg,T-shirt,Beige,Unisex,Pure color,Plaid,Sleeve,NA,NA
10952.jpg,T-shirt,Beige,Male,Pure color,Stripes,Sleeve,NA,NA
10953.jpg,T-shirt,Purple,Female,Pure color,Stripes,Sleeve,NA,NA
10954.jpg,T-shirt,Purple,Female,Pure color,NA,Sleeve,NA,NA
10955.jpg,T-shirt,Pink,Female,Pure color,Stripes,Sleeve,High collar,NA
10956.jpg,T-shirt,Beige,Unisex,Pure color,Stripes,Sleeve,High collar,NA
10957.jpg,T-shirt,Yellow,Unisex,Pure color,Stripes,Sleeve,NA,NA
10958.jpg,T-shirt,Yellow,Male,Stripes,NA,Sleeve,NA,NA
10959.jpg,T-shirt,Pink,Female,Pure color,Stripes,Sleeve,NA,NA
10960.jpg,T-shirt,Pink,Female,Pure color,Stripes,Sleeve,NA,NA
10961.jpg,T-shirt,Grey,Male,Pure color,Stripes,Sleeve,NA,NA
10962.jpg,T-shirt,Grey,Male,Pure color,Stripes,Sleeve,NA,NA
10963.jpg,T-shirt,Purple,Female,Pure color,Stripes,Sleeve,NA,NA
10964.jpg,T-shirt,Grey,Female,Pure color,Plaid,Sleeve,NA,NA
10965.jpg,T-shirt,Beige,Female,Pure color,Stripes,Sleeve,Button,NA
10966.jpg,T-shirt,Brown,Male,Pure color,Plaid,Sleeve,NA,NA
10967.jpg,T-shirt,Red,Female,Pure color,NA,Sleeve,NA,NA
10968.jpg,T-shirt,Blue,Female,Pure color,Stripes,Sleeve,NA,NA
10969.jpg,T-shirt,Green,Female,Pure color,Stripes,Sleeve,NA,NA
10970.jpg,T-shirt,Green,Male,Pure color,Stripes,Sleeve,NA,NA
10971.jpg,T-shirt,Green,Female,Pure color,NA,Sleeve,NA,NA
10972.jpg,T-shirt,Yellow,Male,Cartoon,Animal,Sleeve,Button,NA
10973.jpg,T-shirt,Green,Female,Pure color,Plaid,Sleeve,NA,NA
10974.jpg,T-shirt,Yellow,Unisex,Cartoon,Pure color,Sleeve,NA,NA
10975.jpg,T-shirt,Pink,Female,Pure color,Fruit,Sleeve,NA,NA
10976.jpg,T-shirt,Green,Male,Pure color,Abstract,Sleeve,NA,NA
10977.jpg,T-shirt,Grey,Male,Geometric,NA,Sleeve,NA,NA
10978.jpg,T-shirt,Grey,Female,Floral,Pure color,Sleeve,Button,NA
10979.jpg,T-shirt,Grey,Female,Stripes,NA,Sleeve,NA,NA
10980.jpg,T-shirt,Grey,Male,Stripes,NA,Sleeve,NA,NA
10981.jpg,T-shirt,Grey,Male,Pure color,Stripes,Sleeve,NA,NA
10982.jpg,T-shirt,Blue,Male,Pure color,Stripes,Sleeve,NA,NA
10983.jpg,T-shirt,Blue,Male,Pure color,Stripes,Sleeve,NA,NA
10984.jpg,T-shirt,Yellow,Male,Pure color,Stripes,Sleeve,NA,NA
10985.jpg,T-shirt,Pink,Female,Abstract,NA,Sleeve,NA,NA
10986.jpg,T-shirt,White,Female,Pure color,Stripes,Sleeve,NA,NA
10987.jpg,T-shirt,Orange,Male,Pure color,NA,Sleeve,NA,NA
10988.jpg,T-shirt,White,Male,Stripes,NA,Sleeve,NA,NA
10989.jpg,T-shirt,Blue,Female,Pure color,Stripes,Sleeve,Button,NA
10990.jpg,T-shirt,Orange,Unisex,Pure color,Plaid,Sleeve,NA,NA
10991.jpg,T-shirt,Pink,Female,Pure color,NA,Sleeve,NA,NA
10992.jpg,T-shirt,Black,Male,Pure color,Animal,Sleeve,NA,NA
10993.jpg,T-shirt,Brown,Male,Pure color,Stripes,Sleeve,High collar,NA
10994.jpg,T-shirt,Blue,Male,Pure color,Plaid,Sleeve,NA,NA
10995.jpg,T-shirt,Blue,Male,Pure color,NA,Sleeve,High collar,NA
10996.jpg,T-shirt,Orange,Male,Pure color,Stripes,Sleeve,NA,NA
10997.jpg,T-shirt,Pink,Female,Pure color,Stripes,Sleeve,Button,NA
10998.jpg,T-shirt,Grey,Female,Pure color,Plaid,Sleeve,NA,NA
10999.jpg,T-shirt,Grey,Male,Pure color,Stripes,Sleeve,NA,NA
11000.jpg,T-shirt,Red,Female,Pure color,Stripes,Sleeve,NA,NA
10901.jpg,Vest,Grey,Male,Pure color,NA,NA,NA,NA
10902.jpg,Vest,Green,Female,Pure color,NA,Button,NA,NA
10903.jpg,Vest,Brown,Unisex,Pure color,NA,NA,NA,NA
10904.jpg,Vest,Beige,Female,Stripes,NA,NA,NA,NA
10905.jpg,Vest,Black,Male,Pure color,NA,NA,NA,NA
10906.jpg,Vest,Beige,Female,Floral,NA,Drawstring,NA,NA
10907.jpg,Vest,Beige,Female,Pure color,NA,NA,NA,NA
10908.jpg,Vest,Beige,Female,Pure color,NA,NA,NA,NA
10909.jpg,Vest,Black,Male,Pure color,NA,NA,NA,NA
10910.jpg,Vest,White,Male,Pure color,NA,NA,NA,NA
10911.jpg,Vest,Grey,Male,Pure color,NA,NA,NA,NA
10912.jpg,Vest,Black,Male,Pure color,NA,NA,NA,NA
10913.jpg,Vest,Blue,Female,Stripes,NA,NA,NA,NA
10914.jpg,Vest,Pink,Female,Pure color,Alphabet,NA,NA,NA
10915.jpg,Vest,White,Female,Pure color,Alphabet,NA,NA,NA
10916.jpg,Vest,Grey,Male,Pure color,Abstract,NA,NA,NA
10917.jpg,Vest,Blue,Male,Pure color,Abstract,NA,NA,NA
10918.jpg,Vest,Beige,Male,Pure color,Alphabet,NA,NA,NA
10919.jpg,Vest,White,Male,Pure color,Alphabet,NA,NA,NA
10920.jpg,Vest,White,Female,Pure color,NA,NA,NA,NA
10921.jpg,Vest,Beige,Female,Pure color,Abstract,NA,NA,NA
10922.jpg,Vest,Pink,Female,Pure color,NA,NA,NA,NA
10923.jpg,Vest,Blue,Female,Pure color,NA,NA,NA,NA
10924.jpg,Vest,Yellow,Female,Pure color,Alphabet,NA,NA,NA
10925.jpg,Vest,White,Male,Cartoon,Alphabet,NA,NA,NA
10926.jpg,Vest,Purple,Male,Pure color,NA,NA,NA,NA
10927.jpg,Vest,Beige,Female,Cartoon,Animal,NA,NA,NA
10928.jpg,Vest,Brown,Male,Plaid,NA,NA,NA,NA
10929.jpg,Vest,Blue,Male,Stripes,Cartoon,NA,NA,NA
10930.jpg,Vest,White,Female,Pure color,NA,NA,NA,NA
10931.jpg,Vest,Yellow,Male,Pure color,Animal,NA,NA,NA
10932.jpg,Vest,Blue,Male,Pure color,NA,NA,NA,NA
10933.jpg,Vest,Pink,Female,Pure color,Cartoon,NA,NA,NA
10934.jpg,Vest,Yellow,Male,Cartoon,Animal,NA,NA,NA
10935.jpg,Vest,Grey,Female,Pure color,Cartoon,NA,NA,NA
10936.jpg,Vest,Orange,Female,Pure color,NA,NA,NA,NA
10937.jpg,Vest,Grey,Female,Pure color,NA,NA,NA,NA
10938.jpg,Vest,Grey,Female,Pure color,NA,NA,NA,NA
10939.jpg,Vest,Grey,Female,Pure color,NA,NA,NA,NA
10940.jpg,Vest,Blue,Female,Pure color,NA,NA,NA,NA
10941.jpg,Vest,Grey,Female,Pure color,NA,NA,NA,NA
10942.jpg,Vest,Red,Female,Stripes,NA,NA,NA,NA
10943.jpg,Vest,Blue,Female,Stripes,NA,NA,NA,NA
10944.jpg,Vest,Black,Female,Pure color,Alphabet,NA,NA,NA
10945.jpg,Vest,Grey,Female,Pure color,Stripes,NA,NA,NA
10946.jpg,Vest,White,Female,Leopard print,,NA,NA,NA
10947.jpg,Vest,Beige,Female,Pure color,NA,NA,NA,NA
10948.jpg,Vest,Grey,Male,Pure color,Alphabet,NA,NA,NA
10949.jpg,Vest,Green,Female,Pure color,NA,NA,NA,NA
10950.jpg,Vest,Blue,Female,Pure color,NA,NA,NA,NA
03201.jpg,Wedding Dress,White,Unisex,Pure color,NA,NA,NA,NA
03202.jpg,Wedding Dress,White,Unisex,Abstract,Alphabet,NA,NA,NA
03203.jpg,Wedding Dress,Yellow,Unisex,Pure color,Cartoon,NA,NA,NA
03204.jpg,Wedding Dress,White,Unisex,Abstract,Alphabet,NA,NA,NA
03205.jpg,Wedding Dress,White,Male,Pure color,NA,NA,NA,NA
03206.jpg,Wedding Dress,Grey,Female,Stripes,NA,NA,NA,NA
03207.jpg,Wedding Dress,Beige,Unisex,Pure color,Floral,NA,NA,NA
03208.jpg,Wedding Dress,Beige,Unisex,Animal,Cartoon,NA,NA,NA
03209.jpg,Wedding Dress,White,Male,Pure color,NA,NA,NA,NA
03210.jpg,Wedding Dress,Blue,Male,Pure color,NA,NA,NA,NA
03211.jpg,Wedding Dress,Green,Male,Pure color,NA,NA,NA,NA
03212.jpg,Wedding Dress,Red,Male,Pure color,NA,NA,NA,NA
03213.jpg,Wedding Dress,Blue,Male,Pure color,NA,NA,NA,NA
03214.jpg,Wedding Dress,Blue,Male,Pure color,NA,NA,NA,NA
03215.jpg,Wedding Dress,Pink,Female,Pure color,NA,NA,NA,NA
03216.jpg,Wedding Dress,Black,Unisex,Pure color,Cartoon,NA,NA,NA
03217.jpg,Wedding Dress,Yellow,Male,Pure color,NA,NA,NA,NA
03218.jpg,Wedding Dress,Black,Male,Pure color,NA,NA,NA,NA
03219.jpg,Wedding Dress,White,Male,Abstract,NA,NA,NA,NA
03220.jpg,Wedding Dress,White,Male,Pure color,NA,NA,NA,NA
03221.jpg,Wedding Dress,White,Male,Abstract,NA,NA,NA,NA
03222.jpg,Wedding Dress,Black,Male,Animal,Pure color,NA,NA,NA
03223.jpg,Wedding Dress,White,Male,Pure color,NA,NA,NA,NA
03224.jpg,Wedding Dress,Beige,Female,Alphabet,NA,NA,NA,NA
03225.jpg,Wedding Dress,Pink,Female,Pure color,NA,Pleat,NA,NA
03226.jpg,Wedding Dress,Black,Female,Pure color,Alphabet,NA,NA,NA
03227.jpg,Wedding Dress,Brown,Female,Pure color,NA,Bow,NA,NA
03228.jpg,Wedding Dress,Beige,Female,Pure color,NA,NA,NA,NA
03229.jpg,Wedding Dress,Blue,Male,Pure color,NA,NA,NA,NA
03230.jpg,Wedding Dress,Black,Male,Pure color,Cartoon,NA,NA,NA
03231.jpg,Wedding Dress,White,Unisex,Pure color,Abstract,NA,NA,NA
03232.jpg,Wedding Dress,Yellow,Female,Pure color,Alphabet,NA,NA,NA
03233.jpg,Wedding Dress,Orange,Male,Stripes,NA,NA,NA,NA
03234.jpg,Wedding Dress,White,Male,Stripes,Animal,NA,NA,NA
03235.jpg,Wedding Dress,Grey,Male,Pure color,Cartoon,NA,NA,NA
03236.jpg,Wedding Dress,Yellow,Male,Animal,Cartoon,NA,NA,NA
03237.jpg,Wedding Dress,Orange,Male,Pure color,Abstract ,NA,NA,NA
03238.jpg,Wedding Dress,Blue,Male,Cartoon,Pure color,NA,NA,NA
03239.jpg,Wedding Dress,Pink,Female,Cartoon,NA,NA,NA,NA
03240.jpg,Wedding Dress,Brown,Male,Pure color,NA,NA,NA,NA
03241.jpg,Wedding Dress,White,Male,Pure color,Cartoon,NA,NA,NA
03242.jpg,Wedding Dress,Beige,Male,Pure color,Abstract,Pleat,NA,NA
03243.jpg,Wedding Dress,Beige,Female,Pure color,Abstract,NA,NA,NA
03244.jpg,Wedding Dress,Purple,Unisex,Pure color,NA,NA,NA,NA
03245.jpg,Wedding Dress,Brown,Female,Pure color,NA,NA,NA,NA
03246.jpg,Wedding Dress,White,Male,Pure color,Abstract,NA,NA,NA
03247.jpg,Wedding Dress,White,Male,Pure color,Alphabet,NA,NA,NA
03248.jpg,Wedding Dress,Brown,Female,Pure color,NA,NA,NA,NA
03249.jpg,Wedding Dress,Red,Female,Stripes,NA,NA,NA,NA
03250.jpg,Wedding Dress,Grey,Male,Stripes,NA,NA,NA,NA
03001.jpg,Baby Onesie,,,,,,,
03002.jpg,Baby Onesie,,,,,,,
03003.jpg,Baby Onesie,,,,,,,
03004.jpg,Baby Onesie,,,,,,,
03005.jpg,Baby Onesie,,,,,,,
03006.jpg,Baby Onesie,,,,,,,
03007.jpg,Baby Onesie,,,,,,,
03008.jpg,Baby Onesie,,,,,,,
03009.jpg,Baby Onesie,,,,,,,
03010.jpg,Baby Onesie,,,,,,,
03011.jpg,Baby Onesie,,,,,,,
03012.jpg,Baby Onesie,,,,,,,
03013.jpg,Baby Onesie,,,,,,,
03014.jpg,Baby Onesie,,,,,,,
03015.jpg,Baby Onesie,,,,,,,
03016.jpg,Baby Onesie,,,,,,,
03017.jpg,Baby Onesie,,,,,,,
03018.jpg,Baby Onesie,,,,,,,
03019.jpg,Baby Onesie,,,,,,,
03020.jpg,Baby Onesie,,,,,,,
03021.jpg,Baby Onesie,,,,,,,
03022.jpg,Baby Onesie,,,,,,,
03023.jpg,Baby Onesie,,,,,,,
03024.jpg,Baby Onesie,,,,,,,
03025.jpg,Baby Onesie,,,,,,,
03026.jpg,Baby Onesie,,,,,,,
03027.jpg,Baby Onesie,,,,,,,
03028.jpg,Baby Onesie,,,,,,,
03029.jpg,Baby Onesie,,,,,,,
03030.jpg,Baby Onesie,,,,,,,
03031.jpg,Baby Onesie,,,,,,,
03032.jpg,Baby Onesie,,,,,,,
03033.jpg,Baby Onesie,,,,,,,
03034.jpg,Baby Onesie,,,,,,,
03035.jpg,Baby Onesie,,,,,,,
03036.jpg,Baby Onesie,,,,,,,
03037.jpg,Baby Onesie,,,,,,,
03038.jpg,Baby Onesie,,,,,,,
03039.jpg,Baby Onesie,,,,,,,
03040.jpg,Baby Onesie,,,,,,,
03041.jpg,Baby Onesie,,,,,,,
03042.jpg,Baby Onesie,,,,,,,
03043.jpg,Baby Onesie,,,,,,,
03044.jpg,Baby Onesie,,,,,,,
03045.jpg,Baby Onesie,,,,,,,
03046.jpg,Baby Onesie,,,,,,,
03047.jpg,Baby Onesie,,,,,,,
03048.jpg,Baby Onesie,,,,,,,
03049.jpg,Baby Onesie,,,,,,,
03050.jpg,Baby Onesie,,,,,,,
03051.jpg,Coat,,,,,,,
03052.jpg,Coat,,,,,,,
03053.jpg,Coat,,,,,,,
03054.jpg,Coat,,,,,,,
03055.jpg,Coat,,,,,,,
03056.jpg,Coat,,,,,,,
03057.jpg,Coat,,,,,,,
03058.jpg,Coat,,,,,,,
03059.jpg,Coat,,,,,,,
03060.jpg,Coat,,,,,,,
03061.jpg,Coat,,,,,,,
03062.jpg,Coat,,,,,,,
03063.jpg,Coat,,,,,,,
03064.jpg,Coat,,,,,,,
03065.jpg,Coat,,,,,,,
03066.jpg,Coat,,,,,,,
03067.jpg,Coat,,,,,,,
03068.jpg,Coat,,,,,,,
03069.jpg,Coat,,,,,,,
03070.jpg,Coat,,,,,,,
03071.jpg,Coat,,,,,,,
03072.jpg,Coat,,,,,,,
03073.jpg,Coat,,,,,,,
03074.jpg,Coat,,,,,,,
03075.jpg,Coat,,,,,,,
03076.jpg,Coat,,,,,,,
03077.jpg,Coat,,,,,,,
03078.jpg,Coat,,,,,,,
03079.jpg,Coat,,,,,,,
03080.jpg,Coat,,,,,,,
03081.jpg,Coat,,,,,,,
03082.jpg,Coat,,,,,,,
03083.jpg,Coat,,,,,,,
03084.jpg,Coat,,,,,,,
03085.jpg,Coat,,,,,,,
03086.jpg,Coat,,,,,,,
03087.jpg,Coat,,,,,,,
03088.jpg,Coat,,,,,,,
03089.jpg,Coat,,,,,,,
03090.jpg,Coat,,,,,,,
03091.jpg,Coat,,,,,,,
03092.jpg,Coat,,,,,,,
03093.jpg,Coat,,,,,,,
03094.jpg,Coat,,,,,,,
03095.jpg,Coat,,,,,,,
03096.jpg,Coat,,,,,,,
03097.jpg,Coat,,,,,,,
03098.jpg,Coat,,,,,,,
03099.jpg,Coat,,,,,,,
03100.jpg,Coat,,,,,,,
03101.jpg,Dress,,,,,,,
03102.jpg,Dress,,,,,,,
03103.jpg,Dress,,,,,,,
03104.jpg,Dress,,,,,,,
03105.jpg,Dress,,,,,,,
03106.jpg,Dress,,,,,,,
03107.jpg,Dress,,,,,,,
03108.jpg,Dress,,,,,,,
03109.jpg,Dress,,,,,,,
03110.jpg,Dress,,,,,,,
03111.jpg,Dress,,,,,,,
03112.jpg,Dress,,,,,,,
03113.jpg,Dress,,,,,,,
03114.jpg,Dress,,,,,,,
03115.jpg,Dress,,,,,,,
03116.jpg,Dress,,,,,,,
03117.jpg,Dress,,,,,,,
03118.jpg,Dress,,,,,,,
03119.jpg,Dress,,,,,,,
03120.jpg,Dress,,,,,,,
03121.jpg,Dress,,,,,,,
03122.jpg,Dress,,,,,,,
03123.jpg,Dress,,,,,,,
03124.jpg,Dress,,,,,,,
03125.jpg,Dress,,,,,,,
03126.jpg,Dress,,,,,,,
03127.jpg,Dress,,,,,,,
03128.jpg,Dress,,,,,,,
03129.jpg,Dress,,,,,,,
03130.jpg,Dress,,,,,,,
03131.jpg,Dress,,,,,,,
03132.jpg,Dress,,,,,,,
03133.jpg,Dress,,,,,,,
03134.jpg,Dress,,,,,,,
03135.jpg,Dress,,,,,,,
03136.jpg,Dress,,,,,,,
03137.jpg,Dress,,,,,,,
03138.jpg,Dress,,,,,,,
03139.jpg,Dress,,,,,,,
03140.jpg,Dress,,,,,,,
03141.jpg,Dress,,,,,,,
03142.jpg,Dress,,,,,,,
03143.jpg,Dress,,,,,,,
03144.jpg,Dress,,,,,,,
03145.jpg,Dress,,,,,,,
03146.jpg,Dress,,,,,,,
03147.jpg,Dress,,,,,,,
03148.jpg,Dress,,,,,,,
03149.jpg,Dress,,,,,,,
03150.jpg,Dress,,,,,,,
03151.jpg,Dungarees,,,,,,,
03152.jpg,Dungarees,,,,,,,
03153.jpg,Dungarees,,,,,,,
03154.jpg,Dungarees,,,,,,,
03155.jpg,Dungarees,,,,,,,
03156.jpg,Dungarees,,,,,,,
03157.jpg,Dungarees,,,,,,,
03158.jpg,Dungarees,,,,,,,
03159.jpg,Dungarees,,,,,,,
03160.jpg,Dungarees,,,,,,,
03161.jpg,Dungarees,,,,,,,
03162.jpg,Dungarees,,,,,,,
03163.jpg,Dungarees,,,,,,,
03164.jpg,Dungarees,,,,,,,
03165.jpg,Dungarees,,,,,,,
03166.jpg,Dungarees,,,,,,,
03167.jpg,Dungarees,,,,,,,
03168.jpg,Dungarees,,,,,,,
03169.jpg,Dungarees,,,,,,,
03170.jpg,Dungarees,,,,,,,
03171.jpg,Dungarees,,,,,,,
03172.jpg,Dungarees,,,,,,,
03173.jpg,Dungarees,,,,,,,
03174.jpg,Dungarees,,,,,,,
03175.jpg,Dungarees,,,,,,,
03176.jpg,Dungarees,,,,,,,
03177.jpg,Dungarees,,,,,,,
03178.jpg,Dungarees,,,,,,,
03179.jpg,Dungarees,,,,,,,
03180.jpg,Dungarees,,,,,,,
03181.jpg,Dungarees,,,,,,,
03182.jpg,Dungarees,,,,,,,
03183.jpg,Dungarees,,,,,,,
03184.jpg,Dungarees,,,,,,,
03185.jpg,Dungarees,,,,,,,
03186.jpg,Dungarees,,,,,,,
03187.jpg,Dungarees,,,,,,,
03188.jpg,Dungarees,,,,,,,
03189.jpg,Dungarees,,,,,,,
03190.jpg,Dungarees,,,,,,,
03191.jpg,Dungarees,,,,,,,
03192.jpg,Dungarees,,,,,,,
03193.jpg,Dungarees,,,,,,,
03194.jpg,Dungarees,,,,,,,
03195.jpg,Dungarees,,,,,,,
03196.jpg,Dungarees,,,,,,,
03197.jpg,Dungarees,,,,,,,
03198.jpg,Dungarees,,,,,,,
03199.jpg,Dungarees,,,,,,,
03200.jpg,Dungarees,,,,,,,
03251.jpg,Hoodie,,,,,,,
03252.jpg,Hoodie,,,,,,,
03253.jpg,Hoodie,,,,,,,
03254.jpg,Hoodie,,,,,,,
03255.jpg,Hoodie,,,,,,,
03256.jpg,Hoodie,,,,,,,
03257.jpg,Hoodie,,,,,,,
03258.jpg,Hoodie,,,,,,,
03259.jpg,Hoodie,,,,,,,
03260.jpg,Hoodie,,,,,,,
03261.jpg,Hoodie,,,,,,,
03262.jpg,Hoodie,,,,,,,
03263.jpg,Hoodie,,,,,,,
03264.jpg,Hoodie,,,,,,,
03265.jpg,Hoodie,,,,,,,
03266.jpg,Hoodie,,,,,,,
03267.jpg,Hoodie,,,,,,,
03268.jpg,Hoodie,,,,,,,
03269.jpg,Hoodie,,,,,,,
03270.jpg,Hoodie,,,,,,,
03271.jpg,Hoodie,,,,,,,
03272.jpg,Hoodie,,,,,,,
03273.jpg,Hoodie,,,,,,,
03274.jpg,Hoodie,,,,,,,
03275.jpg,Hoodie,,,,,,,
03276.jpg,Hoodie,,,,,,,
03277.jpg,Hoodie,,,,,,,
03278.jpg,Hoodie,,,,,,,
03279.jpg,Hoodie,,,,,,,
03280.jpg,Hoodie,,,,,,,
03281.jpg,Hoodie,,,,,,,
03282.jpg,Hoodie,,,,,,,
03283.jpg,Hoodie,,,,,,,
03284.jpg,Hoodie,,,,,,,
03285.jpg,Hoodie,,,,,,,
03286.jpg,Hoodie,,,,,,,
03287.jpg,Hoodie,,,,,,,
03288.jpg,Hoodie,,,,,,,
03289.jpg,Hoodie,,,,,,,
03290.jpg,Hoodie,,,,,,,
03291.jpg,Hoodie,,,,,,,
03292.jpg,Hoodie,,,,,,,
03293.jpg,Hoodie,,,,,,,
03294.jpg,Hoodie,,,,,,,
03295.jpg,Hoodie,,,,,,,
03296.jpg,Hoodie,,,,,,,
03297.jpg,Hoodie,,,,,,,
03298.jpg,Hoodie,,,,,,,
03299.jpg,Hoodie,,,,,,,
03300.jpg,Hoodie,,,,,,,
03301.jpg,Jeans,,,,,,,
03302.jpg,Jeans,,,,,,,
03303.jpg,Jeans,,,,,,,
03304.jpg,Jeans,,,,,,,
03305.jpg,Jeans,,,,,,,
03306.jpg,Jeans,,,,,,,
03307.jpg,Jeans,,,,,,,
03308.jpg,Jeans,,,,,,,
03309.jpg,Jeans,,,,,,,
03310.jpg,Jeans,,,,,,,
03311.jpg,Jeans,,,,,,,
03312.jpg,Jeans,,,,,,,
03313.jpg,Jeans,,,,,,,
03314.jpg,Jeans,,,,,,,
03315.jpg,Jeans,,,,,,,
03316.jpg,Jeans,,,,,,,
03317.jpg,Jeans,,,,,,,
03318.jpg,Jeans,,,,,,,
03319.jpg,Jeans,,,,,,,
03320.jpg,Jeans,,,,,,,
03321.jpg,Jeans,,,,,,,
03322.jpg,Jeans,,,,,,,
03323.jpg,Jeans,,,,,,,
03324.jpg,Jeans,,,,,,,
03325.jpg,Jeans,,,,,,,
03326.jpg,Jeans,,,,,,,
03327.jpg,Jeans,,,,,,,
03328.jpg,Jeans,,,,,,,
03329.jpg,Jeans,,,,,,,
03330.jpg,Jeans,,,,,,,
03331.jpg,Jeans,,,,,,,
03332.jpg,Jeans,,,,,,,
03333.jpg,Jeans,,,,,,,
03334.jpg,Jeans,,,,,,,
03335.jpg,Jeans,,,,,,,
03336.jpg,Jeans,,,,,,,
03337.jpg,Jeans,,,,,,,
03338.jpg,Jeans,,,,,,,
03339.jpg,Jeans,,,,,,,
03340.jpg,Jeans,,,,,,,
03341.jpg,Jeans,,,,,,,
03342.jpg,Jeans,,,,,,,
03343.jpg,Jeans,,,,,,,
03344.jpg,Jeans,,,,,,,
03345.jpg,Jeans,,,,,,,
03346.jpg,Jeans,,,,,,,
03347.jpg,Jeans,,,,,,,
03348.jpg,Jeans,,,,,,,
03349.jpg,Jeans,,,,,,,
03350.jpg,Jeans,,,,,,,
03351.jpg,Pants,,,,,,,
03352.jpg,Pants,,,,,,,
03353.jpg,Pants,,,,,,,
03354.jpg,Pants,,,,,,,
03355.jpg,Pants,,,,,,,
03356.jpg,Pants,,,,,,,
03357.jpg,Pants,,,,,,,
03358.jpg,Pants,,,,,,,
03359.jpg,Pants,,,,,,,
03360.jpg,Pants,,,,,,,
03361.jpg,Pants,,,,,,,
03362.jpg,Pants,,,,,,,
03363.jpg,Pants,,,,,,,
03364.jpg,Pants,,,,,,,
03365.jpg,Pants,,,,,,,
03366.jpg,Pants,,,,,,,
03367.jpg,Pants,,,,,,,
03368.jpg,Pants,,,,,,,
03369.jpg,Pants,,,,,,,
03370.jpg,Pants,,,,,,,
03371.jpg,Pants,,,,,,,
03372.jpg,Pants,,,,,,,
03373.jpg,Pants,,,,,,,
03374.jpg,Pants,,,,,,,
03375.jpg,Pants,,,,,,,
03376.jpg,Pants,,,,,,,
03377.jpg,Pants,,,,,,,
03378.jpg,Pants,,,,,,,
03379.jpg,Pants,,,,,,,
03380.jpg,Pants,,,,,,,
03381.jpg,Pants,,,,,,,
03382.jpg,Pants,,,,,,,
03383.jpg,Pants,,,,,,,
03384.jpg,Pants,,,,,,,
03385.jpg,Pants,,,,,,,
03386.jpg,Pants,,,,,,,
03387.jpg,Pants,,,,,,,
03388.jpg,Pants,,,,,,,
03389.jpg,Pants,,,,,,,
03390.jpg,Pants,,,,,,,
03391.jpg,Pants,,,,,,,
03392.jpg,Pants,,,,,,,
03393.jpg,Pants,,,,,,,
03394.jpg,Pants,,,,,,,
03395.jpg,Pants,,,,,,,
03396.jpg,Pants,,,,,,,
03397.jpg,Pants,,,,,,,
03398.jpg,Pants,,,,,,,
03399.jpg,Pants,,,,,,,
03400.jpg,Pants,,,,,,,
10651.jpg,Shirt,,,,,,,
10652.jpg,Shirt,,,,,,,
10653.jpg,Shirt,,,,,,,
10654.jpg,Shirt,,,,,,,
10655.jpg,Shirt,,,,,,,
10656.jpg,Shirt,,,,,,,
10657.jpg,Shirt,,,,,,,
10658.jpg,Shirt,,,,,,,
10659.jpg,Shirt,,,,,,,
10660.jpg,Shirt,,,,,,,
10661.jpg,Shirt,,,,,,,
10662.jpg,Shirt,,,,,,,
10663.jpg,Shirt,,,,,,,
10664.jpg,Shirt,,,,,,,
10665.jpg,Shirt,,,,,,,
10666.jpg,Shirt,,,,,,,
10667.jpg,Shirt,,,,,,,
10668.jpg,Shirt,,,,,,,
10669.jpg,Shirt,,,,,,,
10670.jpg,Shirt,,,,,,,
10671.jpg,Shirt,,,,,,,
10672.jpg,Shirt,,,,,,,
10673.jpg,Shirt,,,,,,,
10674.jpg,Shirt,,,,,,,
10675.jpg,Shirt,,,,,,,
10676.jpg,Shirt,,,,,,,
10677.jpg,Shirt,,,,,,,
10678.jpg,Shirt,,,,,,,
10679.jpg,Shirt,,,,,,,
10680.jpg,Shirt,,,,,,,
10681.jpg,Shirt,,,,,,,
10682.jpg,Shirt,,,,,,,
10683.jpg,Shirt,,,,,,,
10684.jpg,Shirt,,,,,,,
10685.jpg,Shirt,,,,,,,
10686.jpg,Shirt,,,,,,,
10687.jpg,Shirt,,,,,,,
10688.jpg,Shirt,,,,,,,
10689.jpg,Shirt,,,,,,,
10690.jpg,Shirt,,,,,,,
10691.jpg,Shirt,,,,,,,
10692.jpg,Shirt,,,,,,,
10693.jpg,Shirt,,,,,,,
10694.jpg,Shirt,,,,,,,
10695.jpg,Shirt,,,,,,,
10696.jpg,Shirt,,,,,,,
10697.jpg,Shirt,,,,,,,
10698.jpg,Shirt,,,,,,,
10699.jpg,Shirt,,,,,,,
10700.jpg,Shirt,,,,,,,
10601.jpg,Shorts,,,,,,,
10602.jpg,Shorts,,,,,,,
10603.jpg,Shorts,,,,,,,
10604.jpg,Shorts,,,,,,,
10605.jpg,Shorts,,,,,,,
10606.jpg,Shorts,,,,,,,
10607.jpg,Shorts,,,,,,,
10608.jpg,Shorts,,,,,,,
10609.jpg,Shorts,,,,,,,
10610.jpg,Shorts,,,,,,,
10611.jpg,Shorts,,,,,,,
10612.jpg,Shorts,,,,,,,
10613.jpg,Shorts,,,,,,,
10614.jpg,Shorts,,,,,,,
10615.jpg,Shorts,,,,,,,
10616.jpg,Shorts,,,,,,,
10617.jpg,Shorts,,,,,,,
10618.jpg,Shorts,,,,,,,
10619.jpg,Shorts,,,,,,,
10620.jpg,Shorts,,,,,,,
10621.jpg,Shorts,,,,,,,
10622.jpg,Shorts,,,,,,,
10623.jpg,Shorts,,,,,,,
10624.jpg,Shorts,,,,,,,
10625.jpg,Shorts,,,,,,,
10626.jpg,Shorts,,,,,,,
10627.jpg,Shorts,,,,,,,
10628.jpg,Shorts,,,,,,,
10629.jpg,Shorts,,,,,,,
10630.jpg,Shorts,,,,,,,
10631.jpg,Shorts,,,,,,,
10632.jpg,Shorts,,,,,,,
10633.jpg,Shorts,,,,,,,
10634.jpg,Shorts,,,,,,,
10635.jpg,Shorts,,,,,,,
10636.jpg,Shorts,,,,,,,
10637.jpg,Shorts,,,,,,,
10638.jpg,Shorts,,,,,,,
10639.jpg,Shorts,,,,,,,
10640.jpg,Shorts,,,,,,,
10641.jpg,Shorts,,,,,,,
10642.jpg,Shorts,,,,,,,
10643.jpg,Shorts,,,,,,,
10644.jpg,Shorts,,,,,,,
10645.jpg,Shorts,,,,,,,
10646.jpg,Shorts,,,,,,,
10647.jpg,Shorts,,,,,,,
10648.jpg,Shorts,,,,,,,
10649.jpg,Shorts,,,,,,,
10650.jpg,Shorts,,,,,,,
10751.jpg,Skirt,,,,,,,
10752.jpg,Skirt,,,,,,,
10753.jpg,Skirt,,,,,,,
10754.jpg,Skirt,,,,,,,
10755.jpg,Skirt,,,,,,,
10756.jpg,Skirt,,,,,,,
10757.jpg,Skirt,,,,,,,
10758.jpg,Skirt,,,,,,,
10759.jpg,Skirt,,,,,,,
10760.jpg,Skirt,,,,,,,
10761.jpg,Skirt,,,,,,,
10762.jpg,Skirt,,,,,,,
10763.jpg,Skirt,,,,,,,
10764.jpg,Skirt,,,,,,,
10765.jpg,Skirt,,,,,,,
10766.jpg,Skirt,,,,,,,
10767.jpg,Skirt,,,,,,,
10768.jpg,Skirt,,,,,,,
10769.jpg,Skirt,,,,,,,
10770.jpg,Skirt,,,,,,,
10771.jpg,Skirt,,,,,,,
10772.jpg,Skirt,,,,,,,
10773.jpg,Skirt,,,,,,,
10774.jpg,Skirt,,,,,,,
10775.jpg,Skirt,,,,,,,
10776.jpg,Skirt,,,,,,,
10777.jpg,Skirt,,,,,,,
10778.jpg,Skirt,,,,,,,
10779.jpg,Skirt,,,,,,,
10780.jpg,Skirt,,,,,,,
10781.jpg,Skirt,,,,,,,
10782.jpg,Skirt,,,,,,,
10783.jpg,Skirt,,,,,,,
10784.jpg,Skirt,,,,,,,
10785.jpg,Skirt,,,,,,,
10786.jpg,Skirt,,,,,,,
10787.jpg,Skirt,,,,,,,
10788.jpg,Skirt,,,,,,,
10789.jpg,Skirt,,,,,,,
1079.jpg,Skirt,,,,,,,
10790.jpg,Skirt,,,,,,,
10791.jpg,Skirt,,,,,,,
10792.jpg,Skirt,,,,,,,
10793.jpg,Skirt,,,,,,,
10794.jpg,Skirt,,,,,,,
10795.jpg,Skirt,,,,,,,
10796.jpg,Skirt,,,,,,,
10798.jpg,Skirt,,,,,,,
10799.jpg,Skirt,,,,,,,
10800.jpg,Skirt,,,,,,,
10701.jpg,Strap dress,,,,,,,
10702.jpg,Strap dress,,,,,,,
10703.jpg,Strap dress,,,,,,,
10704.jpg,Strap dress,,,,,,,
10705.jpg,Strap dress,,,,,,,
10706.jpg,Strap dress,,,,,,,
10707.jpg,Strap dress,,,,,,,
10708.jpg,Strap dress,,,,,,,
10709.jpg,Strap dress,,,,,,,
10710.jpg,Strap dress,,,,,,,
10711.jpg,Strap dress,,,,,,,
10712.jpg,Strap dress,,,,,,,
10713.jpg,Strap dress,,,,,,,
10714.jpg,Strap dress,,,,,,,
10715.jpg,Strap dress,,,,,,,
10716.jpg,Strap dress,,,,,,,
10717.jpg,Strap dress,,,,,,,
10718.jpg,Strap dress,,,,,,,
10719.jpg,Strap dress,,,,,,,
10720.jpg,Strap dress,,,,,,,
10721.jpg,Strap dress,,,,,,,
10722.jpg,Strap dress,,,,,,,
10723.jpg,Strap dress,,,,,,,
10724.jpg,Strap dress,,,,,,,
10725.jpg,Strap dress,,,,,,,
10726.jpg,Strap dress,,,,,,,
10727.jpg,Strap dress,,,,,,,
10728.jpg,Strap dress,,,,,,,
10729.jpg,Strap dress,,,,,,,
10730.jpg,Strap dress,,,,,,,
10731.jpg,Strap dress,,,,,,,
10732.jpg,Strap dress,,,,,,,
10733.jpg,Strap dress,,,,,,,
10734.jpg,Strap dress,,,,,,,
10735.jpg,Strap dress,,,,,,,
10736.jpg,Strap dress,,,,,,,
10737.jpg,Strap dress,,,,,,,
10738.jpg,Strap dress,,,,,,,
10739.jpg,Strap dress,,,,,,,
10740.jpg,Strap dress,,,,,,,
10741.jpg,Strap dress,,,,,,,
10742.jpg,Strap dress,,,,,,,
10743.jpg,Strap dress,,,,,,,
10744.jpg,Strap dress,,,,,,,
10745.jpg,Strap dress,,,,,,,
10746.jpg,Strap dress,,,,,,,
10747.jpg,Strap dress,,,,,,,
10748.jpg,Strap dress,,,,,,,
10749.jpg,Strap dress,,,,,,,
10750.jpg,Strap dress,,,,,,,
10801.jpg,Suit set,,,,,,,
10802.jpg,Suit set,,,,,,,
10803.jpg,Suit set,,,,,,,
10804.jpg,Suit set,,,,,,,
10805.jpg,Suit set,,,,,,,
10806.jpg,Suit set,,,,,,,
10807.jpg,Suit set,,,,,,,
10808.jpg,Suit set,,,,,,,
10809.jpg,Suit set,,,,,,,
10810.jpg,Suit set,,,,,,,
10811.jpg,Suit set,,,,,,,
10812.jpg,Suit set,,,,,,,
10813.jpg,Suit set,,,,,,,
10814.jpg,Suit set,,,,,,,
10815.jpg,Suit set,,,,,,,
10816.jpg,Suit set,,,,,,,
10817.jpg,Suit set,,,,,,,
10818.jpg,Suit set,,,,,,,
10819.jpg,Suit set,,,,,,,
10820.jpg,Suit set,,,,,,,
10821.jpg,Suit set,,,,,,,
10822.jpg,Suit set,,,,,,,
10823.jpg,Suit set,,,,,,,
10824.jpg,Suit set,,,,,,,
10825.jpg,Suit set,,,,,,,
10826.jpg,Suit set,,,,,,,
10827.jpg,Suit set,,,,,,,
10828.jpg,Suit set,,,,,,,
10829.jpg,Suit set,,,,,,,
10830.jpg,Suit set,,,,,,,
10831.jpg,Suit set,,,,,,,
10832.jpg,Suit set,,,,,,,
10833.jpg,Suit set,,,,,,,
10834.jpg,Suit set,,,,,,,
10835.jpg,Suit set,,,,,,,
10836.jpg,Suit set,,,,,,,
10837.jpg,Suit set,,,,,,,
10838.jpg,Suit set,,,,,,,
10839.jpg,Suit set,,,,,,,
10840.jpg,Suit set,,,,,,,
10841.jpg,Suit set,,,,,,,
10842.jpg,Suit set,,,,,,,
10843.jpg,Suit set,,,,,,,
10844.jpg,Suit set,,,,,,,
10845.jpg,Suit set,,,,,,,
10846.jpg,Suit set,,,,,,,
10847.jpg,Suit set,,,,,,,
10848.jpg,Suit set,,,,,,,
10849.jpg,Suit set,,,,,,,
10850.jpg,Suit set,,,,,,,
10851.jpg,Sweater,,,,,,,
10852.jpg,Sweater,,,,,,,
10853.jpg,Sweater,,,,,,,
10854.jpg,Sweater,,,,,,,
10855.jpg,Sweater,,,,,,,
10856.jpg,Sweater,,,,,,,
10857.jpg,Sweater,,,,,,,
10858.jpg,Sweater,,,,,,,
10859.jpg,Sweater,,,,,,,
10860.jpg,Sweater,,,,,,,
10861.jpg,Sweater,,,,,,,
10862.jpg,Sweater,,,,,,,
10863.jpg,Sweater,,,,,,,
10864.jpg,Sweater,,,,,,,
10865.jpg,Sweater,,,,,,,
10866.jpg,Sweater,,,,,,,
10867.jpg,Sweater,,,,,,,
10868.jpg,Sweater,,,,,,,
10869.jpg,Sweater,,,,,,,
10870.jpg,Sweater,,,,,,,
10871.jpg,Sweater,,,,,,,
10872.jpg,Sweater,,,,,,,
10873.jpg,Sweater,,,,,,,
10874.jpg,Sweater,,,,,,,
10875.jpg,Sweater,,,,,,,
10876.jpg,Sweater,,,,,,,
10877.jpg,Sweater,,,,,,,
10878.jpg,Sweater,,,,,,,
10879.jpg,Sweater,,,,,,,
10880.jpg,Sweater,,,,,,,
10881.jpg,Sweater,,,,,,,
10882.jpg,Sweater,,,,,,,
10883.jpg,Sweater,,,,,,,
10884.jpg,Sweater,,,,,,,
10885.jpg,Sweater,,,,,,,
10886.jpg,Sweater,,,,,,,
10887.jpg,Sweater,,,,,,,
10888.jpg,Sweater,,,,,,,
10889.jpg,Sweater,,,,,,,
10890.jpg,Sweater,,,,,,,
10891.jpg,Sweater,,,,,,,
10892.jpg,Sweater,,,,,,,
10893.jpg,Sweater,,,,,,,
10894.jpg,Sweater,,,,,,,
10895.jpg,Sweater,,,,,,,
10896.jpg,Sweater,,,,,,,
10897.jpg,Sweater,,,,,,,
10898.jpg,Sweater,,,,,,,
10899.jpg,Sweater,,,,,,,
10900.jpg,Sweater,,,,,,,
10951.jpg,T-shirt,,,,,,,
10952.jpg,T-shirt,,,,,,,
10953.jpg,T-shirt,,,,,,,
10954.jpg,T-shirt,,,,,,,
10955.jpg,T-shirt,,,,,,,
10956.jpg,T-shirt,,,,,,,
10957.jpg,T-shirt,,,,,,,
10958.jpg,T-shirt,,,,,,,
10959.jpg,T-shirt,,,,,,,
10960.jpg,T-shirt,,,,,,,
10961.jpg,T-shirt,,,,,,,
10962.jpg,T-shirt,,,,,,,
10963.jpg,T-shirt,,,,,,,
10964.jpg,T-shirt,,,,,,,
10965.jpg,T-shirt,,,,,,,
10966.jpg,T-shirt,,,,,,,
10967.jpg,T-shirt,,,,,,,
10968.jpg,T-shirt,,,,,,,
10969.jpg,T-shirt,,,,,,,
10970.jpg,T-shirt,,,,,,,
10971.jpg,T-shirt,,,,,,,
10972.jpg,T-shirt,,,,,,,
10973.jpg,T-shirt,,,,,,,
10974.jpg,T-shirt,,,,,,,
10975.jpg,T-shirt,,,,,,,
10976.jpg,T-shirt,,,,,,,
10977.jpg,T-shirt,,,,,,,
10978.jpg,T-shirt,,,,,,,
10979.jpg,T-shirt,,,,,,,
10980.jpg,T-shirt,,,,,,,
10981.jpg,T-shirt,,,,,,,
10982.jpg,T-shirt,,,,,,,
10983.jpg,T-shirt,,,,,,,
10984.jpg,T-shirt,,,,,,,
10985.jpg,T-shirt,,,,,,,
10986.jpg,T-shirt,,,,,,,
10987.jpg,T-shirt,,,,,,,
10988.jpg,T-shirt,,,,,,,
10989.jpg,T-shirt,,,,,,,
10990.jpg,T-shirt,,,,,,,
10991.jpg,T-shirt,,,,,,,
10992.jpg,T-shirt,,,,,,,
10993.jpg,T-shirt,,,,,,,
10994.jpg,T-shirt,,,,,,,
10995.jpg,T-shirt,,,,,,,
10996.jpg,T-shirt,,,,,,,
10997.jpg,T-shirt,,,,,,,
10998.jpg,T-shirt,,,,,,,
10999.jpg,T-shirt,,,,,,,
11000.jpg,T-shirt,,,,,,,
10901.jpg,Vest,,,,,,,
10902.jpg,Vest,,,,,,,
10903.jpg,Vest,,,,,,,
10904.jpg,Vest,,,,,,,
10905.jpg,Vest,,,,,,,
10906.jpg,Vest,,,,,,,
10907.jpg,Vest,,,,,,,
10908.jpg,Vest,,,,,,,
10909.jpg,Vest,,,,,,,
10910.jpg,Vest,,,,,,,
10911.jpg,Vest,,,,,,,
10912.jpg,Vest,,,,,,,
10913.jpg,Vest,,,,,,,
10914.jpg,Vest,,,,,,,
10915.jpg,Vest,,,,,,,
10916.jpg,Vest,,,,,,,
10917.jpg,Vest,,,,,,,
10918.jpg,Vest,,,,,,,
10919.jpg,Vest,,,,,,,
10920.jpg,Vest,,,,,,,
10921.jpg,Vest,,,,,,,
10922.jpg,Vest,,,,,,,
10923.jpg,Vest,,,,,,,
10924.jpg,Vest,,,,,,,
10925.jpg,Vest,,,,,,,
10926.jpg,Vest,,,,,,,
10927.jpg,Vest,,,,,,,
10928.jpg,Vest,,,,,,,
10929.jpg,Vest,,,,,,,
10930.jpg,Vest,,,,,,,
10931.jpg,Vest,,,,,,,
10932.jpg,Vest,,,,,,,
10933.jpg,Vest,,,,,,,
10934.jpg,Vest,,,,,,,
10935.jpg,Vest,,,,,,,
10936.jpg,Vest,,,,,,,
10937.jpg,Vest,,,,,,,
10938.jpg,Vest,,,,,,,
10939.jpg,Vest,,,,,,,
10940.jpg,Vest,,,,,,,
10941.jpg,Vest,,,,,,,
10942.jpg,Vest,,,,,,,
10943.jpg,Vest,,,,,,,
10944.jpg,Vest,,,,,,,
10945.jpg,Vest,,,,,,,
10946.jpg,Vest,,,,,,,
10947.jpg,Vest,,,,,,,
10948.jpg,Vest,,,,,,,
10949.jpg,Vest,,,,,,,
10950.jpg,Vest,,,,,,,
03201.jpg,Wedding Dress,,,,,,,
03202.jpg,Wedding Dress,,,,,,,
03203.jpg,Wedding Dress,,,,,,,
03204.jpg,Wedding Dress,,,,,,,
03205.jpg,Wedding Dress,,,,,,,
03206.jpg,Wedding Dress,,,,,,,
03207.jpg,Wedding Dress,,,,,,,
03208.jpg,Wedding Dress,,,,,,,
03209.jpg,Wedding Dress,,,,,,,
03210.jpg,Wedding Dress,,,,,,,
03211.jpg,Wedding Dress,,,,,,,
03212.jpg,Wedding Dress,,,,,,,
03213.jpg,Wedding Dress,,,,,,,
03214.jpg,Wedding Dress,,,,,,,
03215.jpg,Wedding Dress,,,,,,,
03216.jpg,Wedding Dress,,,,,,,
03217.jpg,Wedding Dress,,,,,,,
03218.jpg,Wedding Dress,,,,,,,
03219.jpg,Wedding Dress,,,,,,,
03220.jpg,Wedding Dress,,,,,,,
03221.jpg,Wedding Dress,,,,,,,
03222.jpg,Wedding Dress,,,,,,,
03223.jpg,Wedding Dress,,,,,,,
03224.jpg,Wedding Dress,,,,,,,
03225.jpg,Wedding Dress,,,,,,,
03226.jpg,Wedding Dress,,,,,,,
03227.jpg,Wedding Dress,,,,,,,
03228.jpg,Wedding Dress,,,,,,,
03229.jpg,Wedding Dress,,,,,,,
03230.jpg,Wedding Dress,,,,,,,
03231.jpg,Wedding Dress,,,,,,,
03232.jpg,Wedding Dress,,,,,,,
03233.jpg,Wedding Dress,,,,,,,
03234.jpg,Wedding Dress,,,,,,,
03235.jpg,Wedding Dress,,,,,,,
03236.jpg,Wedding Dress,,,,,,,
03237.jpg,Wedding Dress,,,,,,,
03238.jpg,Wedding Dress,,,,,,,
03239.jpg,Wedding Dress,,,,,,,
03240.jpg,Wedding Dress,,,,,,,
03241.jpg,Wedding Dress,,,,,,,
03242.jpg,Wedding Dress,,,,,,,
03243.jpg,Wedding Dress,,,,,,,
03244.jpg,Wedding Dress,,,,,,,
03245.jpg,Wedding Dress,,,,,,,
03246.jpg,Wedding Dress,,,,,,,
03247.jpg,Wedding Dress,,,,,,,
03248.jpg,Wedding Dress,,,,,,,
03249.jpg,Wedding Dress,,,,,,,
03250.jpg,Wedding Dress,,,,,,,
10966.jpg,Black,,,,,,,
